"municipio","data","taxa_desemprego","fonte","taxa_informalidade","desemprego_informalidade"
"Aracaju (SE)","2002-01",,,,
"Belo Horizonte (MG)","2002-01",12.77,"PME",,
"Belém (PA)","2002-01",,,,
"Brasília (DF)","2002-01",,,,
"Campo Grande (MS)","2002-01",,,,
"Curitiba (PR)","2002-01",,,,
"Fortaleza (CE)","2002-01",,,,
"Goiânia (GO)","2002-01",,,,
"Grande Vitória (ES)","2002-01",,,,
"Porto Alegre (RS)","2002-01",10.02,"PME",,
"Recife (PE)","2002-01",13.82,"PME",,
"Rio Branco (AC)","2002-01",,,,
"Rio de Janeiro (RJ)","2002-01",10.79,"PME",,
"Salvador (BA)","2002-01",17.46,"PME",,
"São Luís (MA)","2002-01",,,,
"São Paulo (SP)","2002-01",13.79,"PME",,
"Aracaju (SE)","2002-02",,,,
"Belo Horizonte (MG)","2002-02",11,"PME",,
"Belém (PA)","2002-02",,,,
"Brasília (DF)","2002-02",,,,
"Campo Grande (MS)","2002-02",,,,
"Curitiba (PR)","2002-02",,,,
"Fortaleza (CE)","2002-02",,,,
"Goiânia (GO)","2002-02",,,,
"Grande Vitória (ES)","2002-02",,,,
"Porto Alegre (RS)","2002-02",9.58,"PME",,
"Recife (PE)","2002-02",12.85,"PME",,
"Rio Branco (AC)","2002-02",,,,
"Rio de Janeiro (RJ)","2002-02",10.51,"PME",,
"Salvador (BA)","2002-02",15.67,"PME",,
"São Luís (MA)","2002-02",,,,
"São Paulo (SP)","2002-02",12.77,"PME",,
"Aracaju (SE)","2002-03",,,,
"Belo Horizonte (MG)","2002-03",10.77,"PME",,
"Belém (PA)","2002-03",,,,
"Brasília (DF)","2002-03",,,,
"Campo Grande (MS)","2002-03",,,,
"Curitiba (PR)","2002-03",,,,
"Fortaleza (CE)","2002-03",,,,
"Goiânia (GO)","2002-03",,,,
"Grande Vitória (ES)","2002-03",,,,
"Porto Alegre (RS)","2002-03",8.21,"PME",,
"Recife (PE)","2002-03",12.03,"PME",,
"Rio Branco (AC)","2002-03",,,,
"Rio de Janeiro (RJ)","2002-03",9.97,"PME",,
"Salvador (BA)","2002-03",14.45,"PME",,
"São Luís (MA)","2002-03",,,,
"São Paulo (SP)","2002-03",13.05,"PME",,
"Aracaju (SE)","2002-04",,,,
"Belo Horizonte (MG)","2002-04",9.07,"PME",,
"Belém (PA)","2002-04",,,,
"Brasília (DF)","2002-04",,,,
"Campo Grande (MS)","2002-04",,,,
"Curitiba (PR)","2002-04",,,,
"Fortaleza (CE)","2002-04",,,,
"Goiânia (GO)","2002-04",,,,
"Grande Vitória (ES)","2002-04",,,,
"Porto Alegre (RS)","2002-04",7.94,"PME",,
"Recife (PE)","2002-04",12.19,"PME",,
"Rio Branco (AC)","2002-04",,,,
"Rio de Janeiro (RJ)","2002-04",9.34,"PME",,
"Salvador (BA)","2002-04",13.92,"PME",,
"São Luís (MA)","2002-04",,,,
"São Paulo (SP)","2002-04",11.97,"PME",,
"Aracaju (SE)","2003-01",,,,
"Belo Horizonte (MG)","2003-01",9.97,"PME",,
"Belém (PA)","2003-01",,,,
"Brasília (DF)","2003-01",,,,
"Campo Grande (MS)","2003-01",,,,
"Curitiba (PR)","2003-01",,,,
"Fortaleza (CE)","2003-01",,,,
"Goiânia (GO)","2003-01",,,,
"Grande Vitória (ES)","2003-01",,,,
"Porto Alegre (RS)","2003-01",8.84,"PME",,
"Recife (PE)","2003-01",12.17,"PME",,
"Rio Branco (AC)","2003-01",,,,
"Rio de Janeiro (RJ)","2003-01",8.64,"PME",,
"Salvador (BA)","2003-01",15.43,"PME",,
"São Luís (MA)","2003-01",,,,
"São Paulo (SP)","2003-01",13.46,"PME",,
"Aracaju (SE)","2003-02",,,,
"Belo Horizonte (MG)","2003-02",11.09,"PME",,
"Belém (PA)","2003-02",,,,
"Brasília (DF)","2003-02",,,,
"Campo Grande (MS)","2003-02",,,,
"Curitiba (PR)","2003-02",,,,
"Fortaleza (CE)","2003-02",,,,
"Goiânia (GO)","2003-02",,,,
"Grande Vitória (ES)","2003-02",,,,
"Porto Alegre (RS)","2003-02",10,"PME",,
"Recife (PE)","2003-02",14.73,"PME",,
"Rio Branco (AC)","2003-02",,,,
"Rio de Janeiro (RJ)","2003-02",9.53,"PME",,
"Salvador (BA)","2003-02",17.18,"PME",,
"São Luís (MA)","2003-02",,,,
"São Paulo (SP)","2003-02",14.39,"PME",,
"Aracaju (SE)","2003-03",,,,
"Belo Horizonte (MG)","2003-03",11.41,"PME",,
"Belém (PA)","2003-03",,,,
"Brasília (DF)","2003-03",,,,
"Campo Grande (MS)","2003-03",,,,
"Curitiba (PR)","2003-03",,,,
"Fortaleza (CE)","2003-03",,,,
"Goiânia (GO)","2003-03",,,,
"Grande Vitória (ES)","2003-03",,,,
"Porto Alegre (RS)","2003-03",9.81,"PME",,
"Recife (PE)","2003-03",14.73,"PME",,
"Rio Branco (AC)","2003-03",,,,
"Rio de Janeiro (RJ)","2003-03",9.58,"PME",,
"Salvador (BA)","2003-03",17.63,"PME",,
"São Luís (MA)","2003-03",,,,
"São Paulo (SP)","2003-03",14.67,"PME",,
"Aracaju (SE)","2003-04",,,,
"Belo Horizonte (MG)","2003-04",10.59,"PME",,
"Belém (PA)","2003-04",,,,
"Brasília (DF)","2003-04",,,,
"Campo Grande (MS)","2003-04",,,,
"Curitiba (PR)","2003-04",,,,
"Fortaleza (CE)","2003-04",,,,
"Goiânia (GO)","2003-04",,,,
"Grande Vitória (ES)","2003-04",,,,
"Porto Alegre (RS)","2003-04",9.15,"PME",,
"Recife (PE)","2003-04",13.58,"PME",,
"Rio Branco (AC)","2003-04",,,,
"Rio de Janeiro (RJ)","2003-04",8.95,"PME",,
"Salvador (BA)","2003-04",16.33,"PME",,
"São Luís (MA)","2003-04",,,,
"São Paulo (SP)","2003-04",13.59,"PME",,
"Aracaju (SE)","2004-01",,,,
"Belo Horizonte (MG)","2004-01",11.99,"PME",,
"Belém (PA)","2004-01",,,,
"Brasília (DF)","2004-01",,,,
"Campo Grande (MS)","2004-01",,,,
"Curitiba (PR)","2004-01",,,,
"Fortaleza (CE)","2004-01",,,,
"Goiânia (GO)","2004-01",,,,
"Grande Vitória (ES)","2004-01",,,,
"Porto Alegre (RS)","2004-01",8.61,"PME",,
"Recife (PE)","2004-01",12.76,"PME",,
"Rio Branco (AC)","2004-01",,,,
"Rio de Janeiro (RJ)","2004-01",9.11,"PME",,
"Salvador (BA)","2004-01",16.9,"PME",,
"São Luís (MA)","2004-01",,,,
"São Paulo (SP)","2004-01",13.64,"PME",,
"Aracaju (SE)","2004-02",,,,
"Belo Horizonte (MG)","2004-02",10.85,"PME",,
"Belém (PA)","2004-02",,,,
"Brasília (DF)","2004-02",,,,
"Campo Grande (MS)","2004-02",,,,
"Curitiba (PR)","2004-02",,,,
"Fortaleza (CE)","2004-02",,,,
"Goiânia (GO)","2004-02",,,,
"Grande Vitória (ES)","2004-02",,,,
"Porto Alegre (RS)","2004-02",10,"PME",,
"Recife (PE)","2004-02",13.53,"PME",,
"Rio Branco (AC)","2004-02",,,,
"Rio de Janeiro (RJ)","2004-02",9.78,"PME",,
"Salvador (BA)","2004-02",15.89,"PME",,
"São Luís (MA)","2004-02",,,,
"São Paulo (SP)","2004-02",13.78,"PME",,
"Aracaju (SE)","2004-03",,,,
"Belo Horizonte (MG)","2004-03",10.31,"PME",,
"Belém (PA)","2004-03",,,,
"Brasília (DF)","2004-03",,,,
"Campo Grande (MS)","2004-03",,,,
"Curitiba (PR)","2004-03",,,,
"Fortaleza (CE)","2004-03",,,,
"Goiânia (GO)","2004-03",,,,
"Grande Vitória (ES)","2004-03",,,,
"Porto Alegre (RS)","2004-03",8.68,"PME",,
"Recife (PE)","2004-03",13.12,"PME",,
"Rio Branco (AC)","2004-03",,,,
"Rio de Janeiro (RJ)","2004-03",8.51,"PME",,
"Salvador (BA)","2004-03",15.76,"PME",,
"São Luís (MA)","2004-03",,,,
"São Paulo (SP)","2004-03",12.24,"PME",,
"Aracaju (SE)","2004-04",,,,
"Belo Horizonte (MG)","2004-04",9.09,"PME",,
"Belém (PA)","2004-04",,,,
"Brasília (DF)","2004-04",,,,
"Campo Grande (MS)","2004-04",,,,
"Curitiba (PR)","2004-04",,,,
"Fortaleza (CE)","2004-04",,,,
"Goiânia (GO)","2004-04",,,,
"Grande Vitória (ES)","2004-04",,,,
"Porto Alegre (RS)","2004-04",7.34,"PME",,
"Recife (PE)","2004-04",11.44,"PME",,
"Rio Branco (AC)","2004-04",,,,
"Rio de Janeiro (RJ)","2004-04",8.82,"PME",,
"Salvador (BA)","2004-04",15.65,"PME",,
"São Luís (MA)","2004-04",,,,
"São Paulo (SP)","2004-04",10.73,"PME",,
"Aracaju (SE)","2005-01",,,,
"Belo Horizonte (MG)","2005-01",10.06,"PME",,
"Belém (PA)","2005-01",,,,
"Brasília (DF)","2005-01",,,,
"Campo Grande (MS)","2005-01",,,,
"Curitiba (PR)","2005-01",,,,
"Fortaleza (CE)","2005-01",,,,
"Goiânia (GO)","2005-01",,,,
"Grande Vitória (ES)","2005-01",,,,
"Porto Alegre (RS)","2005-01",7.33,"PME",,
"Recife (PE)","2005-01",13.17,"PME",,
"Rio Branco (AC)","2005-01",,,,
"Rio de Janeiro (RJ)","2005-01",8.06,"PME",,
"Salvador (BA)","2005-01",15.77,"PME",,
"São Luís (MA)","2005-01",,,,
"São Paulo (SP)","2005-01",11.33,"PME",,
"Aracaju (SE)","2005-02",,,,
"Belo Horizonte (MG)","2005-02",8.9,"PME",,
"Belém (PA)","2005-02",,,,
"Brasília (DF)","2005-02",,,,
"Campo Grande (MS)","2005-02",,,,
"Curitiba (PR)","2005-02",,,,
"Fortaleza (CE)","2005-02",,,,
"Goiânia (GO)","2005-02",,,,
"Grande Vitória (ES)","2005-02",,,,
"Porto Alegre (RS)","2005-02",7.6,"PME",,
"Recife (PE)","2005-02",11.86,"PME",,
"Rio Branco (AC)","2005-02",,,,
"Rio de Janeiro (RJ)","2005-02",7.99,"PME",,
"Salvador (BA)","2005-02",15.89,"PME",,
"São Luís (MA)","2005-02",,,,
"São Paulo (SP)","2005-02",10.8,"PME",,
"Aracaju (SE)","2005-03",,,,
"Belo Horizonte (MG)","2005-03",8.19,"PME",,
"Belém (PA)","2005-03",,,,
"Brasília (DF)","2005-03",,,,
"Campo Grande (MS)","2005-03",,,,
"Curitiba (PR)","2005-03",,,,
"Fortaleza (CE)","2005-03",,,,
"Goiânia (GO)","2005-03",,,,
"Grande Vitória (ES)","2005-03",,,,
"Porto Alegre (RS)","2005-03",7.62,"PME",,
"Recife (PE)","2005-03",13.64,"PME",,
"Rio Branco (AC)","2005-03",,,,
"Rio de Janeiro (RJ)","2005-03",7.34,"PME",,
"Salvador (BA)","2005-03",15.5,"PME",,
"São Luís (MA)","2005-03",,,,
"São Paulo (SP)","2005-03",9.63,"PME",,
"Aracaju (SE)","2005-04",,,,
"Belo Horizonte (MG)","2005-04",7.86,"PME",,
"Belém (PA)","2005-04",,,,
"Brasília (DF)","2005-04",,,,
"Campo Grande (MS)","2005-04",,,,
"Curitiba (PR)","2005-04",,,,
"Fortaleza (CE)","2005-04",,,,
"Goiânia (GO)","2005-04",,,,
"Grande Vitória (ES)","2005-04",,,,
"Porto Alegre (RS)","2005-04",7.14,"PME",,
"Recife (PE)","2005-04",14.3,"PME",,
"Rio Branco (AC)","2005-04",,,,
"Rio de Janeiro (RJ)","2005-04",7.48,"PME",,
"Salvador (BA)","2005-04",14.85,"PME",,
"São Luís (MA)","2005-04",,,,
"São Paulo (SP)","2005-04",9.02,"PME",,
"Aracaju (SE)","2006-01",,,,
"Belo Horizonte (MG)","2006-01",8.78,"PME",,
"Belém (PA)","2006-01",,,,
"Brasília (DF)","2006-01",,,,
"Campo Grande (MS)","2006-01",,,,
"Curitiba (PR)","2006-01",,,,
"Fortaleza (CE)","2006-01",,,,
"Goiânia (GO)","2006-01",,,,
"Grande Vitória (ES)","2006-01",,,,
"Porto Alegre (RS)","2006-01",7.86,"PME",,
"Recife (PE)","2006-01",15.91,"PME",,
"Rio Branco (AC)","2006-01",,,,
"Rio de Janeiro (RJ)","2006-01",7.79,"PME",,
"Salvador (BA)","2006-01",14.03,"PME",,
"São Luís (MA)","2006-01",,,,
"São Paulo (SP)","2006-01",10.03,"PME",,
"Aracaju (SE)","2006-02",,,,
"Belo Horizonte (MG)","2006-02",8.68,"PME",,
"Belém (PA)","2006-02",,,,
"Brasília (DF)","2006-02",,,,
"Campo Grande (MS)","2006-02",,,,
"Curitiba (PR)","2006-02",,,,
"Fortaleza (CE)","2006-02",,,,
"Goiânia (GO)","2006-02",,,,
"Grande Vitória (ES)","2006-02",,,,
"Porto Alegre (RS)","2006-02",8.26,"PME",,
"Recife (PE)","2006-02",15.62,"PME",,
"Rio Branco (AC)","2006-02",,,,
"Rio de Janeiro (RJ)","2006-02",8.58,"PME",,
"Salvador (BA)","2006-02",13.54,"PME",,
"São Luís (MA)","2006-02",,,,
"São Paulo (SP)","2006-02",10.7,"PME",,
"Aracaju (SE)","2006-03",,,,
"Belo Horizonte (MG)","2006-03",8.51,"PME",,
"Belém (PA)","2006-03",,,,
"Brasília (DF)","2006-03",,,,
"Campo Grande (MS)","2006-03",,,,
"Curitiba (PR)","2006-03",,,,
"Fortaleza (CE)","2006-03",,,,
"Goiânia (GO)","2006-03",,,,
"Grande Vitória (ES)","2006-03",,,,
"Porto Alegre (RS)","2006-03",8.27,"PME",,
"Recife (PE)","2006-03",14.67,"PME",,
"Rio Branco (AC)","2006-03",,,,
"Rio de Janeiro (RJ)","2006-03",8.11,"PME",,
"Salvador (BA)","2006-03",14.12,"PME",,
"São Luís (MA)","2006-03",,,,
"São Paulo (SP)","2006-03",11.28,"PME",,
"Aracaju (SE)","2006-04",,,,
"Belo Horizonte (MG)","2006-04",7.94,"PME",,
"Belém (PA)","2006-04",,,,
"Brasília (DF)","2006-04",,,,
"Campo Grande (MS)","2006-04",,,,
"Curitiba (PR)","2006-04",,,,
"Fortaleza (CE)","2006-04",,,,
"Goiânia (GO)","2006-04",,,,
"Grande Vitória (ES)","2006-04",,,,
"Porto Alegre (RS)","2006-04",7.66,"PME",,
"Recife (PE)","2006-04",12.2,"PME",,
"Rio Branco (AC)","2006-04",,,,
"Rio de Janeiro (RJ)","2006-04",7.01,"PME",,
"Salvador (BA)","2006-04",13.11,"PME",,
"São Luís (MA)","2006-04",,,,
"São Paulo (SP)","2006-04",9.93,"PME",,
"Aracaju (SE)","2007-01",,,,
"Belo Horizonte (MG)","2007-01",8.68,"PME",,
"Belém (PA)","2007-01",,,,
"Brasília (DF)","2007-01",,,,
"Campo Grande (MS)","2007-01",,,,
"Curitiba (PR)","2007-01",,,,
"Fortaleza (CE)","2007-01",,,,
"Goiânia (GO)","2007-01",,,,
"Grande Vitória (ES)","2007-01",,,,
"Porto Alegre (RS)","2007-01",8.18,"PME",,
"Recife (PE)","2007-01",11.97,"PME",,
"Rio Branco (AC)","2007-01",,,,
"Rio de Janeiro (RJ)","2007-01",7.13,"PME",,
"Salvador (BA)","2007-01",13.68,"PME",,
"São Luís (MA)","2007-01",,,,
"São Paulo (SP)","2007-01",10.72,"PME",,
"Aracaju (SE)","2007-02",,,,
"Belo Horizonte (MG)","2007-02",8.01,"PME",,
"Belém (PA)","2007-02",,,,
"Brasília (DF)","2007-02",,,,
"Campo Grande (MS)","2007-02",,,,
"Curitiba (PR)","2007-02",,,,
"Fortaleza (CE)","2007-02",,,,
"Goiânia (GO)","2007-02",,,,
"Grande Vitória (ES)","2007-02",,,,
"Porto Alegre (RS)","2007-02",7.58,"PME",,
"Recife (PE)","2007-02",12.36,"PME",,
"Rio Branco (AC)","2007-02",,,,
"Rio de Janeiro (RJ)","2007-02",7.82,"PME",,
"Salvador (BA)","2007-02",14.44,"PME",,
"São Luís (MA)","2007-02",,,,
"São Paulo (SP)","2007-02",10.93,"PME",,
"Aracaju (SE)","2007-03",,,,
"Belo Horizonte (MG)","2007-03",7.36,"PME",,
"Belém (PA)","2007-03",,,,
"Brasília (DF)","2007-03",,,,
"Campo Grande (MS)","2007-03",,,,
"Curitiba (PR)","2007-03",,,,
"Fortaleza (CE)","2007-03",,,,
"Goiânia (GO)","2007-03",,,,
"Grande Vitória (ES)","2007-03",,,,
"Porto Alegre (RS)","2007-03",7.46,"PME",,
"Recife (PE)","2007-03",12.75,"PME",,
"Rio Branco (AC)","2007-03",,,,
"Rio de Janeiro (RJ)","2007-03",7.23,"PME",,
"Salvador (BA)","2007-03",14.28,"PME",,
"São Luís (MA)","2007-03",,,,
"São Paulo (SP)","2007-03",9.87,"PME",,
"Aracaju (SE)","2007-04",,,,
"Belo Horizonte (MG)","2007-04",6.24,"PME",,
"Belém (PA)","2007-04",,,,
"Brasília (DF)","2007-04",,,,
"Campo Grande (MS)","2007-04",,,,
"Curitiba (PR)","2007-04",,,,
"Fortaleza (CE)","2007-04",,,,
"Goiânia (GO)","2007-04",,,,
"Grande Vitória (ES)","2007-04",,,,
"Porto Alegre (RS)","2007-04",5.9,"PME",,
"Recife (PE)","2007-04",11,"PME",,
"Rio Branco (AC)","2007-04",,,,
"Rio de Janeiro (RJ)","2007-04",6.36,"PME",,
"Salvador (BA)","2007-04",12.39,"PME",,
"São Luís (MA)","2007-04",,,,
"São Paulo (SP)","2007-04",8.75,"PME",,
"Aracaju (SE)","2008-01",,,,
"Belo Horizonte (MG)","2008-01",7.15,"PME",,
"Belém (PA)","2008-01",,,,
"Brasília (DF)","2008-01",,,,
"Campo Grande (MS)","2008-01",,,,
"Curitiba (PR)","2008-01",,,,
"Fortaleza (CE)","2008-01",,,,
"Goiânia (GO)","2008-01",,,,
"Grande Vitória (ES)","2008-01",,,,
"Porto Alegre (RS)","2008-01",6.48,"PME",,
"Recife (PE)","2008-01",10.29,"PME",,
"Rio Branco (AC)","2008-01",,,,
"Rio de Janeiro (RJ)","2008-01",6.68,"PME",,
"Salvador (BA)","2008-01",12.1,"PME",,
"São Luís (MA)","2008-01",,,,
"São Paulo (SP)","2008-01",9.07,"PME",,
"Aracaju (SE)","2008-02",,,,
"Belo Horizonte (MG)","2008-02",6.98,"PME",,
"Belém (PA)","2008-02",,,,
"Brasília (DF)","2008-02",,,,
"Campo Grande (MS)","2008-02",,,,
"Curitiba (PR)","2008-02",,,,
"Fortaleza (CE)","2008-02",,,,
"Goiânia (GO)","2008-02",,,,
"Grande Vitória (ES)","2008-02",,,,
"Porto Alegre (RS)","2008-02",6.27,"PME",,
"Recife (PE)","2008-02",8.81,"PME",,
"Rio Branco (AC)","2008-02",,,,
"Rio de Janeiro (RJ)","2008-02",6.71,"PME",,
"Salvador (BA)","2008-02",11.75,"PME",,
"São Luís (MA)","2008-02",,,,
"São Paulo (SP)","2008-02",8.68,"PME",,
"Aracaju (SE)","2008-03",,,,
"Belo Horizonte (MG)","2008-03",6.25,"PME",,
"Belém (PA)","2008-03",,,,
"Brasília (DF)","2008-03",,,,
"Campo Grande (MS)","2008-03",,,,
"Curitiba (PR)","2008-03",,,,
"Fortaleza (CE)","2008-03",,,,
"Goiânia (GO)","2008-03",,,,
"Grande Vitória (ES)","2008-03",,,,
"Porto Alegre (RS)","2008-03",5.69,"PME",,
"Recife (PE)","2008-03",9.1,"PME",,
"Rio Branco (AC)","2008-03",,,,
"Rio de Janeiro (RJ)","2008-03",7.04,"PME",,
"Salvador (BA)","2008-03",11.64,"PME",,
"São Luís (MA)","2008-03",,,,
"São Paulo (SP)","2008-03",8.08,"PME",,
"Aracaju (SE)","2008-04",,,,
"Belo Horizonte (MG)","2008-04",5.5,"PME",,
"Belém (PA)","2008-04",,,,
"Brasília (DF)","2008-04",,,,
"Campo Grande (MS)","2008-04",,,,
"Curitiba (PR)","2008-04",,,,
"Fortaleza (CE)","2008-04",,,,
"Goiânia (GO)","2008-04",,,,
"Grande Vitória (ES)","2008-04",,,,
"Porto Alegre (RS)","2008-04",5.18,"PME",,
"Recife (PE)","2008-04",8.79,"PME",,
"Rio Branco (AC)","2008-04",,,,
"Rio de Janeiro (RJ)","2008-04",6.68,"PME",,
"Salvador (BA)","2008-04",10.32,"PME",,
"São Luís (MA)","2008-04",,,,
"São Paulo (SP)","2008-04",7.65,"PME",,
"Aracaju (SE)","2009-01",,,,
"Belo Horizonte (MG)","2009-01",6.56,"PME",,
"Belém (PA)","2009-01",,,,
"Brasília (DF)","2009-01",,,,
"Campo Grande (MS)","2009-01",,,,
"Curitiba (PR)","2009-01",,,,
"Fortaleza (CE)","2009-01",,,,
"Goiânia (GO)","2009-01",,,,
"Grande Vitória (ES)","2009-01",,,,
"Porto Alegre (RS)","2009-01",6.05,"PME",,
"Recife (PE)","2009-01",9.38,"PME",,
"Rio Branco (AC)","2009-01",,,,
"Rio de Janeiro (RJ)","2009-01",6.64,"PME",,
"Salvador (BA)","2009-01",11.37,"PME",,
"São Luís (MA)","2009-01",,,,
"São Paulo (SP)","2009-01",9.96,"PME",,
"Aracaju (SE)","2009-02",,,,
"Belo Horizonte (MG)","2009-02",6.78,"PME",,
"Belém (PA)","2009-02",,,,
"Brasília (DF)","2009-02",,,,
"Campo Grande (MS)","2009-02",,,,
"Curitiba (PR)","2009-02",,,,
"Fortaleza (CE)","2009-02",,,,
"Goiânia (GO)","2009-02",,,,
"Grande Vitória (ES)","2009-02",,,,
"Porto Alegre (RS)","2009-02",5.96,"PME",,
"Recife (PE)","2009-02",10.4,"PME",,
"Rio Branco (AC)","2009-02",,,,
"Rio de Janeiro (RJ)","2009-02",6.58,"PME",,
"Salvador (BA)","2009-02",11.84,"PME",,
"São Luís (MA)","2009-02",,,,
"São Paulo (SP)","2009-02",9.79,"PME",,
"Aracaju (SE)","2009-03",,,,
"Belo Horizonte (MG)","2009-03",6.63,"PME",,
"Belém (PA)","2009-03",,,,
"Brasília (DF)","2009-03",,,,
"Campo Grande (MS)","2009-03",,,,
"Curitiba (PR)","2009-03",,,,
"Fortaleza (CE)","2009-03",,,,
"Goiânia (GO)","2009-03",,,,
"Grande Vitória (ES)","2009-03",,,,
"Porto Alegre (RS)","2009-03",5.52,"PME",,
"Recife (PE)","2009-03",10.51,"PME",,
"Rio Branco (AC)","2009-03",,,,
"Rio de Janeiro (RJ)","2009-03",5.78,"PME",,
"Salvador (BA)","2009-03",11.2,"PME",,
"São Luís (MA)","2009-03",,,,
"São Paulo (SP)","2009-03",8.83,"PME",,
"Aracaju (SE)","2009-04",,,,
"Belo Horizonte (MG)","2009-04",5.64,"PME",,
"Belém (PA)","2009-04",,,,
"Brasília (DF)","2009-04",,,,
"Campo Grande (MS)","2009-04",,,,
"Curitiba (PR)","2009-04",,,,
"Fortaleza (CE)","2009-04",,,,
"Goiânia (GO)","2009-04",,,,
"Grande Vitória (ES)","2009-04",,,,
"Porto Alegre (RS)","2009-04",4.86,"PME",,
"Recife (PE)","2009-04",9.13,"PME",,
"Rio Branco (AC)","2009-04",,,,
"Rio de Janeiro (RJ)","2009-04",5.5,"PME",,
"Salvador (BA)","2009-04",10.73,"PME",,
"São Luís (MA)","2009-04",,,,
"São Paulo (SP)","2009-04",8.02,"PME",,
"Aracaju (SE)","2010-01",,,,
"Belo Horizonte (MG)","2010-01",6.24,"PME",,
"Belém (PA)","2010-01",,,,
"Brasília (DF)","2010-01",,,,
"Campo Grande (MS)","2010-01",,,,
"Curitiba (PR)","2010-01",,,,
"Fortaleza (CE)","2010-01",,,,
"Goiânia (GO)","2010-01",,,,
"Grande Vitória (ES)","2010-01",,,,
"Porto Alegre (RS)","2010-01",5.09,"PME",,
"Recife (PE)","2010-01",8.48,"PME",,
"Rio Branco (AC)","2010-01",,,,
"Rio de Janeiro (RJ)","2010-01",5.8,"PME",,
"Salvador (BA)","2010-01",11.4,"PME",,
"São Luís (MA)","2010-01",,,,
"São Paulo (SP)","2010-01",8.06,"PME",,
"Aracaju (SE)","2010-02",,,,
"Belo Horizonte (MG)","2010-02",5.54,"PME",,
"Belém (PA)","2010-02",,,,
"Brasília (DF)","2010-02",,,,
"Campo Grande (MS)","2010-02",,,,
"Curitiba (PR)","2010-02",,,,
"Fortaleza (CE)","2010-02",,,,
"Goiânia (GO)","2010-02",,,,
"Grande Vitória (ES)","2010-02",,,,
"Porto Alegre (RS)","2010-02",5.08,"PME",,
"Recife (PE)","2010-02",9.15,"PME",,
"Rio Branco (AC)","2010-02",,,,
"Rio de Janeiro (RJ)","2010-02",5.96,"PME",,
"Salvador (BA)","2010-02",11.67,"PME",,
"São Luís (MA)","2010-02",,,,
"São Paulo (SP)","2010-02",7.58,"PME",,
"Aracaju (SE)","2010-03",,,,
"Belo Horizonte (MG)","2010-03",5.07,"PME",,
"Belém (PA)","2010-03",,,,
"Brasília (DF)","2010-03",,,,
"Campo Grande (MS)","2010-03",,,,
"Curitiba (PR)","2010-03",,,,
"Fortaleza (CE)","2010-03",,,,
"Goiânia (GO)","2010-03",,,,
"Grande Vitória (ES)","2010-03",,,,
"Porto Alegre (RS)","2010-03",4.52,"PME",,
"Recife (PE)","2010-03",9.26,"PME",,
"Rio Branco (AC)","2010-03",,,,
"Rio de Janeiro (RJ)","2010-03",5.45,"PME",,
"Salvador (BA)","2010-03",11.44,"PME",,
"São Luís (MA)","2010-03",,,,
"São Paulo (SP)","2010-03",6.73,"PME",,
"Aracaju (SE)","2010-04",,,,
"Belo Horizonte (MG)","2010-04",4.91,"PME",,
"Belém (PA)","2010-04",,,,
"Brasília (DF)","2010-04",,,,
"Campo Grande (MS)","2010-04",,,,
"Curitiba (PR)","2010-04",,,,
"Fortaleza (CE)","2010-04",,,,
"Goiânia (GO)","2010-04",,,,
"Grande Vitória (ES)","2010-04",,,,
"Porto Alegre (RS)","2010-04",3.46,"PME",,
"Recife (PE)","2010-04",7.79,"PME",,
"Rio Branco (AC)","2010-04",,,,
"Rio de Janeiro (RJ)","2010-04",5.16,"PME",,
"Salvador (BA)","2010-04",9.25,"PME",,
"São Luís (MA)","2010-04",,,,
"São Paulo (SP)","2010-04",5.58,"PME",,
"Aracaju (SE)","2011-01",,,,
"Belo Horizonte (MG)","2011-01",5.63,"PME",,
"Belém (PA)","2011-01",,,,
"Brasília (DF)","2011-01",,,,
"Campo Grande (MS)","2011-01",,,,
"Curitiba (PR)","2011-01",,,,
"Fortaleza (CE)","2011-01",,,,
"Goiânia (GO)","2011-01",,,,
"Grande Vitória (ES)","2011-01",,,,
"Porto Alegre (RS)","2011-01",4.5,"PME",,
"Recife (PE)","2011-01",7.5,"PME",,
"Rio Branco (AC)","2011-01",,,,
"Rio de Janeiro (RJ)","2011-01",4.99,"PME",,
"Salvador (BA)","2011-01",10.45,"PME",,
"São Luís (MA)","2011-01",,,,
"São Paulo (SP)","2011-01",6.51,"PME",,
"Aracaju (SE)","2011-02",,,,
"Belo Horizonte (MG)","2011-02",4.87,"PME",,
"Belém (PA)","2011-02",,,,
"Brasília (DF)","2011-02",,,,
"Campo Grande (MS)","2011-02",,,,
"Curitiba (PR)","2011-02",,,,
"Fortaleza (CE)","2011-02",,,,
"Goiânia (GO)","2011-02",,,,
"Grande Vitória (ES)","2011-02",,,,
"Porto Alegre (RS)","2011-02",4.81,"PME",,
"Recife (PE)","2011-02",6.82,"PME",,
"Rio Branco (AC)","2011-02",,,,
"Rio de Janeiro (RJ)","2011-02",5.15,"PME",,
"Salvador (BA)","2011-02",10.29,"PME",,
"São Luís (MA)","2011-02",,,,
"São Paulo (SP)","2011-02",6.79,"PME",,
"Aracaju (SE)","2011-03",,,,
"Belo Horizonte (MG)","2011-03",4.79,"PME",,
"Belém (PA)","2011-03",,,,
"Brasília (DF)","2011-03",,,,
"Campo Grande (MS)","2011-03",,,,
"Curitiba (PR)","2011-03",,,,
"Fortaleza (CE)","2011-03",,,,
"Goiânia (GO)","2011-03",,,,
"Grande Vitória (ES)","2011-03",,,,
"Porto Alegre (RS)","2011-03",4.87,"PME",,
"Recife (PE)","2011-03",6.44,"PME",,
"Rio Branco (AC)","2011-03",,,,
"Rio de Janeiro (RJ)","2011-03",5.25,"PME",,
"Salvador (BA)","2011-03",9.13,"PME",,
"São Luís (MA)","2011-03",,,,
"São Paulo (SP)","2011-03",6.27,"PME",,
"Aracaju (SE)","2011-04",,,,
"Belo Horizonte (MG)","2011-04",4.12,"PME",,
"Belém (PA)","2011-04",,,,
"Brasília (DF)","2011-04",,,,
"Campo Grande (MS)","2011-04",,,,
"Curitiba (PR)","2011-04",,,,
"Fortaleza (CE)","2011-04",,,,
"Goiânia (GO)","2011-04",,,,
"Grande Vitória (ES)","2011-04",,,,
"Porto Alegre (RS)","2011-04",3.66,"PME",,
"Recife (PE)","2011-04",5.38,"PME",,
"Rio Branco (AC)","2011-04",,,,
"Rio de Janeiro (RJ)","2011-04",5.37,"PME",,
"Salvador (BA)","2011-04",8.47,"PME",,
"São Luís (MA)","2011-04",,,,
"São Paulo (SP)","2011-04",5.1,"PME",,
"Aracaju (SE)","2012-01",10.8,"PNAD",,
"Belo Horizonte (MG)","2012-01",6.9,"PNAD",,
"Belém (PA)","2012-01",10.5,"PNAD",,
"Brasília (DF)","2012-01",8.8,"PNAD",,
"Campo Grande (MS)","2012-01",8.6,"PNAD",,
"Curitiba (PR)","2012-01",5.1,"PNAD",,
"Fortaleza (CE)","2012-01",7.7,"PNAD",,
"Goiânia (GO)","2012-01",5.1,"PNAD",,
"Grande Vitória (ES)","2012-01",9.4,"PNAD",,
"Porto Alegre (RS)","2012-01",5.5,"PNAD",,
"Recife (PE)","2012-01",10.2,"PNAD",,
"Rio Branco (AC)","2012-01",10.4,"PNAD",,
"Rio de Janeiro (RJ)","2012-01",8.1,"PNAD",,
"Salvador (BA)","2012-01",10.1,"PNAD",,
"São Luís (MA)","2012-01",13.2,"PNAD",,
"São Paulo (SP)","2012-01",7.4,"PNAD",,
"Aracaju (SE)","2012-02",12.2,"PNAD",,
"Belo Horizonte (MG)","2012-02",6.6,"PNAD",,
"Belém (PA)","2012-02",12.7,"PNAD",,
"Brasília (DF)","2012-02",8.5,"PNAD",,
"Campo Grande (MS)","2012-02",7.9,"PNAD",,
"Curitiba (PR)","2012-02",5.2,"PNAD",,
"Fortaleza (CE)","2012-02",8.3,"PNAD",,
"Goiânia (GO)","2012-02",4.7,"PNAD",,
"Grande Vitória (ES)","2012-02",9,"PNAD",,
"Porto Alegre (RS)","2012-02",4.9,"PNAD",,
"Recife (PE)","2012-02",9.1,"PNAD",,
"Rio Branco (AC)","2012-02",10.6,"PNAD",,
"Rio de Janeiro (RJ)","2012-02",7,"PNAD",,
"Salvador (BA)","2012-02",10.4,"PNAD",,
"São Luís (MA)","2012-02",15.4,"PNAD",,
"São Paulo (SP)","2012-02",6.6,"PNAD",,
"Aracaju (SE)","2012-03",11,"PNAD",,
"Belo Horizonte (MG)","2012-03",6.8,"PNAD",,
"Belém (PA)","2012-03",12,"PNAD",,
"Brasília (DF)","2012-03",8.7,"PNAD",,
"Campo Grande (MS)","2012-03",5.4,"PNAD",,
"Curitiba (PR)","2012-03",4.8,"PNAD",,
"Fortaleza (CE)","2012-03",9.4,"PNAD",,
"Goiânia (GO)","2012-03",4.5,"PNAD",,
"Grande Vitória (ES)","2012-03",8.8,"PNAD",,
"Porto Alegre (RS)","2012-03",4.9,"PNAD",,
"Recife (PE)","2012-03",10,"PNAD",,
"Rio Branco (AC)","2012-03",9.8,"PNAD",,
"Rio de Janeiro (RJ)","2012-03",6.7,"PNAD",,
"Salvador (BA)","2012-03",9.6,"PNAD",,
"São Luís (MA)","2012-03",14.3,"PNAD",,
"São Paulo (SP)","2012-03",6.3,"PNAD",,
"Aracaju (SE)","2012-04",11.1,"PNAD",,
"Belo Horizonte (MG)","2012-04",6.1,"PNAD",,
"Belém (PA)","2012-04",10.7,"PNAD",,
"Brasília (DF)","2012-04",8.9,"PNAD",,
"Campo Grande (MS)","2012-04",5.4,"PNAD",,
"Curitiba (PR)","2012-04",3.7,"PNAD",,
"Fortaleza (CE)","2012-04",8.1,"PNAD",,
"Goiânia (GO)","2012-04",4.2,"PNAD",,
"Grande Vitória (ES)","2012-04",8.4,"PNAD",,
"Porto Alegre (RS)","2012-04",3.7,"PNAD",,
"Recife (PE)","2012-04",10.1,"PNAD",,
"Rio Branco (AC)","2012-04",9.9,"PNAD",,
"Rio de Janeiro (RJ)","2012-04",6.5,"PNAD",,
"Salvador (BA)","2012-04",9.5,"PNAD",,
"São Luís (MA)","2012-04",12.4,"PNAD",,
"São Paulo (SP)","2012-04",6.1,"PNAD",,
"Aracaju (SE)","2013-01",13.1,"PNAD",,
"Belo Horizonte (MG)","2013-01",6.3,"PNAD",,
"Belém (PA)","2013-01",11.5,"PNAD",,
"Brasília (DF)","2013-01",9.7,"PNAD",,
"Campo Grande (MS)","2013-01",4.4,"PNAD",,
"Curitiba (PR)","2013-01",4.7,"PNAD",,
"Fortaleza (CE)","2013-01",7.2,"PNAD",,
"Goiânia (GO)","2013-01",4.6,"PNAD",,
"Grande Vitória (ES)","2013-01",9.2,"PNAD",,
"Porto Alegre (RS)","2013-01",6,"PNAD",,
"Recife (PE)","2013-01",11.1,"PNAD",,
"Rio Branco (AC)","2013-01",13.1,"PNAD",,
"Rio de Janeiro (RJ)","2013-01",6.5,"PNAD",,
"Salvador (BA)","2013-01",13.1,"PNAD",,
"São Luís (MA)","2013-01",14.2,"PNAD",,
"São Paulo (SP)","2013-01",6.9,"PNAD",,
"Aracaju (SE)","2013-02",11.5,"PNAD",,
"Belo Horizonte (MG)","2013-02",6.1,"PNAD",,
"Belém (PA)","2013-02",10.5,"PNAD",,
"Brasília (DF)","2013-02",9.2,"PNAD",,
"Campo Grande (MS)","2013-02",5.9,"PNAD",,
"Curitiba (PR)","2013-02",4.2,"PNAD",,
"Fortaleza (CE)","2013-02",7.4,"PNAD",,
"Goiânia (GO)","2013-02",4.2,"PNAD",,
"Grande Vitória (ES)","2013-02",10.1,"PNAD",,
"Porto Alegre (RS)","2013-02",4.4,"PNAD",,
"Recife (PE)","2013-02",9,"PNAD",,
"Rio Branco (AC)","2013-02",11.5,"PNAD",,
"Rio de Janeiro (RJ)","2013-02",6,"PNAD",,
"Salvador (BA)","2013-02",12.2,"PNAD",,
"São Luís (MA)","2013-02",14.7,"PNAD",,
"São Paulo (SP)","2013-02",7,"PNAD",,
"Aracaju (SE)","2013-03",11.4,"PNAD",,
"Belo Horizonte (MG)","2013-03",5.9,"PNAD",,
"Belém (PA)","2013-03",12.1,"PNAD",,
"Brasília (DF)","2013-03",8.9,"PNAD",,
"Campo Grande (MS)","2013-03",4.6,"PNAD",,
"Curitiba (PR)","2013-03",4.7,"PNAD",,
"Fortaleza (CE)","2013-03",7.6,"PNAD",,
"Goiânia (GO)","2013-03",5.2,"PNAD",,
"Grande Vitória (ES)","2013-03",9.1,"PNAD",,
"Porto Alegre (RS)","2013-03",5.4,"PNAD",,
"Recife (PE)","2013-03",9.1,"PNAD",,
"Rio Branco (AC)","2013-03",10.3,"PNAD",,
"Rio de Janeiro (RJ)","2013-03",5.9,"PNAD",,
"Salvador (BA)","2013-03",11,"PNAD",,
"São Luís (MA)","2013-03",10.8,"PNAD",,
"São Paulo (SP)","2013-03",7.4,"PNAD",,
"Aracaju (SE)","2013-04",10.5,"PNAD",,
"Belo Horizonte (MG)","2013-04",5.5,"PNAD",,
"Belém (PA)","2013-04",10.4,"PNAD",,
"Brasília (DF)","2013-04",8.5,"PNAD",,
"Campo Grande (MS)","2013-04",4.7,"PNAD",,
"Curitiba (PR)","2013-04",5.1,"PNAD",,
"Fortaleza (CE)","2013-04",7.1,"PNAD",,
"Goiânia (GO)","2013-04",3.3,"PNAD",,
"Grande Vitória (ES)","2013-04",7.5,"PNAD",,
"Porto Alegre (RS)","2013-04",5.1,"PNAD",,
"Recife (PE)","2013-04",7.3,"PNAD",,
"Rio Branco (AC)","2013-04",8.2,"PNAD",,
"Rio de Janeiro (RJ)","2013-04",5.5,"PNAD",,
"Salvador (BA)","2013-04",10.1,"PNAD",,
"São Luís (MA)","2013-04",6.7,"PNAD",,
"São Paulo (SP)","2013-04",6.2,"PNAD",,
"Aracaju (SE)","2014-01",9.5,"PNAD",,
"Belo Horizonte (MG)","2014-01",6.5,"PNAD",,
"Belém (PA)","2014-01",11.7,"PNAD",,
"Brasília (DF)","2014-01",9,"PNAD",,
"Campo Grande (MS)","2014-01",3.9,"PNAD",,
"Curitiba (PR)","2014-01",3.5,"PNAD",,
"Fortaleza (CE)","2014-01",8.1,"PNAD",,
"Goiânia (GO)","2014-01",3.2,"PNAD",,
"Grande Vitória (ES)","2014-01",8.4,"PNAD",,
"Porto Alegre (RS)","2014-01",5.4,"PNAD",,
"Recife (PE)","2014-01",9.6,"PNAD",,
"Rio Branco (AC)","2014-01",9.9,"PNAD",,
"Rio de Janeiro (RJ)","2014-01",5.4,"PNAD",,
"Salvador (BA)","2014-01",14.3,"PNAD",,
"São Luís (MA)","2014-01",8.3,"PNAD",,
"São Paulo (SP)","2014-01",6.2,"PNAD",,
"Aracaju (SE)","2014-02",10.7,"PNAD",,
"Belo Horizonte (MG)","2014-02",6.5,"PNAD",,
"Belém (PA)","2014-02",11.4,"PNAD",,
"Brasília (DF)","2014-02",9.1,"PNAD",,
"Campo Grande (MS)","2014-02",3.9,"PNAD",,
"Curitiba (PR)","2014-02",3.7,"PNAD",,
"Fortaleza (CE)","2014-02",7.6,"PNAD",,
"Goiânia (GO)","2014-02",3.3,"PNAD",,
"Grande Vitória (ES)","2014-02",9.5,"PNAD",,
"Porto Alegre (RS)","2014-02",4.1,"PNAD",,
"Recife (PE)","2014-02",7.5,"PNAD",,
"Rio Branco (AC)","2014-02",12.8,"PNAD",,
"Rio de Janeiro (RJ)","2014-02",5.3,"PNAD",,
"Salvador (BA)","2014-02",12.9,"PNAD",,
"São Luís (MA)","2014-02",8.6,"PNAD",,
"São Paulo (SP)","2014-02",6.7,"PNAD",,
"Aracaju (SE)","2014-03",10,"PNAD",,
"Belo Horizonte (MG)","2014-03",6.7,"PNAD",,
"Belém (PA)","2014-03",12.5,"PNAD",,
"Brasília (DF)","2014-03",8.9,"PNAD",,
"Campo Grande (MS)","2014-03",4.9,"PNAD",,
"Curitiba (PR)","2014-03",3.7,"PNAD",,
"Fortaleza (CE)","2014-03",7,"PNAD",,
"Goiânia (GO)","2014-03",2.9,"PNAD",,
"Grande Vitória (ES)","2014-03",8.1,"PNAD",,
"Porto Alegre (RS)","2014-03",5.3,"PNAD",,
"Recife (PE)","2014-03",7.6,"PNAD",,
"Rio Branco (AC)","2014-03",8.2,"PNAD",,
"Rio de Janeiro (RJ)","2014-03",4.9,"PNAD",,
"Salvador (BA)","2014-03",12.9,"PNAD",,
"São Luís (MA)","2014-03",9.3,"PNAD",,
"São Paulo (SP)","2014-03",6.8,"PNAD",,
"Aracaju (SE)","2014-04",10.4,"PNAD",,
"Belo Horizonte (MG)","2014-04",5.8,"PNAD",,
"Belém (PA)","2014-04",11.8,"PNAD",,
"Brasília (DF)","2014-04",8.8,"PNAD",,
"Campo Grande (MS)","2014-04",3.4,"PNAD",,
"Curitiba (PR)","2014-04",4.3,"PNAD",,
"Fortaleza (CE)","2014-04",5.7,"PNAD",,
"Goiânia (GO)","2014-04",2.4,"PNAD",,
"Grande Vitória (ES)","2014-04",8.4,"PNAD",,
"Porto Alegre (RS)","2014-04",4.8,"PNAD",,
"Recife (PE)","2014-04",6.2,"PNAD",,
"Rio Branco (AC)","2014-04",7.7,"PNAD",,
"Rio de Janeiro (RJ)","2014-04",4.4,"PNAD",,
"Salvador (BA)","2014-04",11.6,"PNAD",,
"São Luís (MA)","2014-04",11.4,"PNAD",,
"São Paulo (SP)","2014-04",6.6,"PNAD",,
"Aracaju (SE)","2015-01",9.7,"PNAD",,
"Belo Horizonte (MG)","2015-01",9,"PNAD",,
"Belém (PA)","2015-01",13.9,"PNAD",,
"Brasília (DF)","2015-01",10.8,"PNAD",,
"Campo Grande (MS)","2015-01",5.7,"PNAD",,
"Curitiba (PR)","2015-01",6.1,"PNAD",,
"Fortaleza (CE)","2015-01",7.4,"PNAD",,
"Goiânia (GO)","2015-01",4.7,"PNAD",,
"Grande Vitória (ES)","2015-01",9.5,"PNAD",,
"Porto Alegre (RS)","2015-01",6.2,"PNAD",,
"Recife (PE)","2015-01",5.2,"PNAD",,
"Rio Branco (AC)","2015-01",11.4,"PNAD",,
"Rio de Janeiro (RJ)","2015-01",4.5,"PNAD",,
"Salvador (BA)","2015-01",12.3,"PNAD",,
"São Luís (MA)","2015-01",13.7,"PNAD",,
"São Paulo (SP)","2015-01",7.2,"PNAD",,
"Aracaju (SE)","2015-02",9.9,"PNAD",,
"Belo Horizonte (MG)","2015-02",8.4,"PNAD",,
"Belém (PA)","2015-02",13.3,"PNAD",,
"Brasília (DF)","2015-02",9.8,"PNAD",,
"Campo Grande (MS)","2015-02",6.5,"PNAD",,
"Curitiba (PR)","2015-02",5.7,"PNAD",,
"Fortaleza (CE)","2015-02",8.9,"PNAD",,
"Goiânia (GO)","2015-02",4.9,"PNAD",,
"Grande Vitória (ES)","2015-02",9.2,"PNAD",,
"Porto Alegre (RS)","2015-02",5.3,"PNAD",,
"Recife (PE)","2015-02",6.5,"PNAD",,
"Rio Branco (AC)","2015-02",10.1,"PNAD",,
"Rio de Janeiro (RJ)","2015-02",4.3,"PNAD",,
"Salvador (BA)","2015-02",14.2,"PNAD",,
"São Luís (MA)","2015-02",14.4,"PNAD",,
"São Paulo (SP)","2015-02",7.2,"PNAD",,
"Aracaju (SE)","2015-03",10,"PNAD",,
"Belo Horizonte (MG)","2015-03",9.5,"PNAD",,
"Belém (PA)","2015-03",12.8,"PNAD",,
"Brasília (DF)","2015-03",10.4,"PNAD",,
"Campo Grande (MS)","2015-03",6.5,"PNAD",,
"Curitiba (PR)","2015-03",6.5,"PNAD",,
"Fortaleza (CE)","2015-03",9.7,"PNAD",,
"Goiânia (GO)","2015-03",6.1,"PNAD",,
"Grande Vitória (ES)","2015-03",11,"PNAD",,
"Porto Alegre (RS)","2015-03",6.1,"PNAD",,
"Recife (PE)","2015-03",5.7,"PNAD",,
"Rio Branco (AC)","2015-03",10.3,"PNAD",,
"Rio de Janeiro (RJ)","2015-03",5.2,"PNAD",,
"Salvador (BA)","2015-03",16.3,"PNAD",,
"São Luís (MA)","2015-03",14.8,"PNAD",,
"São Paulo (SP)","2015-03",8.3,"PNAD",,
"Aracaju (SE)","2015-04",10.9,"PNAD",28.7,39.6
"Belo Horizonte (MG)","2015-04",9.4,"PNAD",29.3,38.7
"Belém (PA)","2015-04",12,"PNAD",49.5,61.5
"Brasília (DF)","2015-04",9.8,"PNAD",25.3,35.1
"Campo Grande (MS)","2015-04",5.3,"PNAD",34.7,40
"Curitiba (PR)","2015-04",5.5,"PNAD",21.3,26.8
"Fortaleza (CE)","2015-04",7.8,"PNAD",40.5,48.3
"Goiânia (GO)","2015-04",6.3,"PNAD",34.6,40.9
"Grande Vitória (ES)","2015-04",12.4,"PNAD",27.9,40.3
"Porto Alegre (RS)","2015-04",7,"PNAD",24.4,31.4
"Recife (PE)","2015-04",9.6,"PNAD",30.2,39.8
"Rio Branco (AC)","2015-04",10.5,"PNAD",39.6,50.1
"Rio de Janeiro (RJ)","2015-04",5.3,"PNAD",25,30.3
"Salvador (BA)","2015-04",13.2,"PNAD",34.4,47.6
"São Luís (MA)","2015-04",13.8,"PNAD",38,51.8
"São Paulo (SP)","2015-04",8.9,"PNAD",26.7,35.6
"Aracaju (SE)","2016-01",12,"PNAD",28.5,40.5
"Belo Horizonte (MG)","2016-01",13.4,"PNAD",27.9,41.3
"Belém (PA)","2016-01",13.2,"PNAD",48.3,61.5
"Brasília (DF)","2016-01",11.3,"PNAD",25.3,36.6
"Campo Grande (MS)","2016-01",7.4,"PNAD",30.4,37.8
"Curitiba (PR)","2016-01",10.8,"PNAD",20.3,31.1
"Fortaleza (CE)","2016-01",11,"PNAD",37.4,48.4
"Goiânia (GO)","2016-01",9.4,"PNAD",34.1,43.5
"Grande Vitória (ES)","2016-01",14.3,"PNAD",27.5,41.8
"Porto Alegre (RS)","2016-01",8.9,"PNAD",25.6,34.5
"Recife (PE)","2016-01",10.2,"PNAD",30.4,40.6
"Rio Branco (AC)","2016-01",12,"PNAD",39.4,51.4
"Rio de Janeiro (RJ)","2016-01",6.8,"PNAD",25.2,32
"Salvador (BA)","2016-01",17.6,"PNAD",31.7,49.3
"São Luís (MA)","2016-01",16.9,"PNAD",41,57.9
"São Paulo (SP)","2016-01",11,"PNAD",25.4,36.4
"Aracaju (SE)","2016-02",16.5,"PNAD",24.2,40.7
"Belo Horizonte (MG)","2016-02",12.1,"PNAD",29,41.1
"Belém (PA)","2016-02",13.4,"PNAD",50.8,64.2
"Brasília (DF)","2016-02",11,"PNAD",25.5,36.5
"Campo Grande (MS)","2016-02",7.2,"PNAD",32.2,39.4
"Curitiba (PR)","2016-02",10.3,"PNAD",21.3,31.6
"Fortaleza (CE)","2016-02",11.4,"PNAD",39.2,50.6
"Goiânia (GO)","2016-02",7.8,"PNAD",34.8,42.6
"Grande Vitória (ES)","2016-02",14.9,"PNAD",28.3,43.2
"Porto Alegre (RS)","2016-02",8.8,"PNAD",26.2,35
"Recife (PE)","2016-02",11.7,"PNAD",32.5,44.2
"Rio Branco (AC)","2016-02",13.3,"PNAD",37,50.3
"Rio de Janeiro (RJ)","2016-02",7.4,"PNAD",26.7,34.1
"Salvador (BA)","2016-02",17.8,"PNAD",35.1,52.9
"São Luís (MA)","2016-02",16.8,"PNAD",41.2,58
"São Paulo (SP)","2016-02",10.6,"PNAD",26.5,37.1
"Aracaju (SE)","2016-03",18.4,"PNAD",27,45.4
"Belo Horizonte (MG)","2016-03",11.8,"PNAD",30,41.8
"Belém (PA)","2016-03",15.2,"PNAD",48.5,63.7
"Brasília (DF)","2016-03",12.1,"PNAD",26.5,38.6
"Campo Grande (MS)","2016-03",7.7,"PNAD",32.5,40.2
"Curitiba (PR)","2016-03",10.1,"PNAD",22.7,32.8
"Fortaleza (CE)","2016-03",13.1,"PNAD",41.4,54.5
"Goiânia (GO)","2016-03",8,"PNAD",34.9,42.9
"Grande Vitória (ES)","2016-03",16.2,"PNAD",29.8,46
"Porto Alegre (RS)","2016-03",9.2,"PNAD",25,34.2
"Recife (PE)","2016-03",14.4,"PNAD",31.7,46.1
"Rio Branco (AC)","2016-03",14.1,"PNAD",36.5,50.6
"Rio de Janeiro (RJ)","2016-03",7.9,"PNAD",28,35.9
"Salvador (BA)","2016-03",17.2,"PNAD",37.3,54.5
"São Luís (MA)","2016-03",16.1,"PNAD",44.1,60.2
"São Paulo (SP)","2016-03",12.7,"PNAD",26.9,39.6
"Aracaju (SE)","2016-04",17.5,"PNAD",27.1,44.6
"Belo Horizonte (MG)","2016-04",11.6,"PNAD",28.7,40.3
"Belém (PA)","2016-04",13.6,"PNAD",48,61.6
"Brasília (DF)","2016-04",14,"PNAD",26.9,40.9
"Campo Grande (MS)","2016-04",7.4,"PNAD",32,39.4
"Curitiba (PR)","2016-04",8.7,"PNAD",25.3,34
"Fortaleza (CE)","2016-04",11.1,"PNAD",40.1,51.2
"Goiânia (GO)","2016-04",8.4,"PNAD",35.1,43.5
"Grande Vitória (ES)","2016-04",16,"PNAD",31.6,47.6
"Porto Alegre (RS)","2016-04",9.2,"PNAD",25.4,34.6
"Recife (PE)","2016-04",13.6,"PNAD",34.8,48.4
"Rio Branco (AC)","2016-04",13,"PNAD",39.2,52.2
"Rio de Janeiro (RJ)","2016-04",10.5,"PNAD",29.3,39.8
"Salvador (BA)","2016-04",16.7,"PNAD",37.8,54.5
"São Luís (MA)","2016-04",17.9,"PNAD",44.2,62.1
"São Paulo (SP)","2016-04",12.4,"PNAD",29.3,41.7
"Aracaju (SE)","2017-01",17.3,"PNAD",26,43.3
"Belo Horizonte (MG)","2017-01",14.5,"PNAD",29.3,43.8
"Belém (PA)","2017-01",14.7,"PNAD",49.1,63.8
"Brasília (DF)","2017-01",14.3,"PNAD",26.6,40.9
"Campo Grande (MS)","2017-01",8.9,"PNAD",29.2,38.1
"Curitiba (PR)","2017-01",11.3,"PNAD",25.6,36.9
"Fortaleza (CE)","2017-01",13.1,"PNAD",38.1,51.2
"Goiânia (GO)","2017-01",8.9,"PNAD",35.1,44
"Grande Vitória (ES)","2017-01",16.7,"PNAD",31.1,47.8
"Porto Alegre (RS)","2017-01",10.3,"PNAD",25.7,36
"Recife (PE)","2017-01",14.5,"PNAD",34.1,48.6
"Rio Branco (AC)","2017-01",16.3,"PNAD",40.4,56.7
"Rio de Janeiro (RJ)","2017-01",11.5,"PNAD",29.9,41.4
"Salvador (BA)","2017-01",15.3,"PNAD",38.1,53.4
"São Luís (MA)","2017-01",19.6,"PNAD",42.5,62.1
"São Paulo (SP)","2017-01",14.3,"PNAD",29.3,43.6
"Aracaju (SE)","2017-02",16.2,"PNAD",29.7,45.9
"Belo Horizonte (MG)","2017-02",13.3,"PNAD",29.2,42.5
"Belém (PA)","2017-02",13.1,"PNAD",51,64.1
"Brasília (DF)","2017-02",13.3,"PNAD",27.3,40.6
"Campo Grande (MS)","2017-02",9.3,"PNAD",29.9,39.2
"Curitiba (PR)","2017-02",10.6,"PNAD",27.4,38
"Fortaleza (CE)","2017-02",12.6,"PNAD",41.6,54.2
"Goiânia (GO)","2017-02",8.1,"PNAD",37.4,45.5
"Grande Vitória (ES)","2017-02",16.8,"PNAD",32.1,48.9
"Porto Alegre (RS)","2017-02",9.1,"PNAD",29.2,38.3
"Recife (PE)","2017-02",14.6,"PNAD",36,50.6
"Rio Branco (AC)","2017-02",15.1,"PNAD",41.7,56.8
"Rio de Janeiro (RJ)","2017-02",13.1,"PNAD",31.1,44.2
"Salvador (BA)","2017-02",16.1,"PNAD",37.1,53.2
"São Luís (MA)","2017-02",20.1,"PNAD",41.4,61.5
"São Paulo (SP)","2017-02",13.5,"PNAD",31.2,44.7
"Aracaju (SE)","2017-03",13.9,"PNAD",28.9,42.8
"Belo Horizonte (MG)","2017-03",14.5,"PNAD",29.2,43.7
"Belém (PA)","2017-03",12.9,"PNAD",49,61.9
"Brasília (DF)","2017-03",12.3,"PNAD",28.6,40.9
"Campo Grande (MS)","2017-03",8.5,"PNAD",31.7,40.2
"Curitiba (PR)","2017-03",10.7,"PNAD",29.9,40.6
"Fortaleza (CE)","2017-03",11.1,"PNAD",43,54.1
"Goiânia (GO)","2017-03",6.8,"PNAD",36.1,42.9
"Grande Vitória (ES)","2017-03",15,"PNAD",33.4,48.4
"Porto Alegre (RS)","2017-03",8.2,"PNAD",27.7,35.9
"Recife (PE)","2017-03",15.2,"PNAD",35.6,50.8
"Rio Branco (AC)","2017-03",14.7,"PNAD",41.1,55.8
"Rio de Janeiro (RJ)","2017-03",12.2,"PNAD",33.2,45.4
"Salvador (BA)","2017-03",14.4,"PNAD",40,54.4
"São Luís (MA)","2017-03",18.1,"PNAD",40.1,58.2
"São Paulo (SP)","2017-03",13.3,"PNAD",31.5,44.8
"Aracaju (SE)","2017-04",14.6,"PNAD",35.1,49.7
"Belo Horizonte (MG)","2017-04",11.3,"PNAD",29.5,40.8
"Belém (PA)","2017-04",12.3,"PNAD",50.2,62.5
"Brasília (DF)","2017-04",13.4,"PNAD",27.8,41.2
"Campo Grande (MS)","2017-04",5.7,"PNAD",31.1,36.8
"Curitiba (PR)","2017-04",9.7,"PNAD",28.7,38.4
"Fortaleza (CE)","2017-04",9.8,"PNAD",42.7,52.5
"Goiânia (GO)","2017-04",7.1,"PNAD",36.6,43.7
"Grande Vitória (ES)","2017-04",14,"PNAD",34.2,48.2
"Porto Alegre (RS)","2017-04",8.3,"PNAD",29,37.3
"Recife (PE)","2017-04",17.7,"PNAD",33.1,50.8
"Rio Branco (AC)","2017-04",13.4,"PNAD",44.1,57.5
"Rio de Janeiro (RJ)","2017-04",12.9,"PNAD",32.6,45.5
"Salvador (BA)","2017-04",13.6,"PNAD",41.5,55.1
"São Luís (MA)","2017-04",20.2,"PNAD",40.4,60.6
"São Paulo (SP)","2017-04",13.7,"PNAD",30.4,44.1
"Aracaju (SE)","2018-01",17.4,"PNAD",33.1,50.5
"Belo Horizonte (MG)","2018-01",14,"PNAD",29.4,43.4
"Belém (PA)","2018-01",13.8,"PNAD",49.1,62.9
"Brasília (DF)","2018-01",14.1,"PNAD",26.6,40.7
"Campo Grande (MS)","2018-01",7.3,"PNAD",32.9,40.2
"Curitiba (PR)","2018-01",10.6,"PNAD",27.8,38.4
"Fortaleza (CE)","2018-01",12.2,"PNAD",43.1,55.3
"Goiânia (GO)","2018-01",8.4,"PNAD",35.4,43.8
"Grande Vitória (ES)","2018-01",15,"PNAD",33.8,48.8
"Porto Alegre (RS)","2018-01",9.6,"PNAD",28,37.6
"Recife (PE)","2018-01",18.6,"PNAD",31.8,50.4
"Rio Branco (AC)","2018-01",15.1,"PNAD",44.4,59.5
"Rio de Janeiro (RJ)","2018-01",12.8,"PNAD",32,44.8
"Salvador (BA)","2018-01",15.6,"PNAD",38.8,54.4
"São Luís (MA)","2018-01",19.6,"PNAD",42.9,62.5
"São Paulo (SP)","2018-01",14.4,"PNAD",30.8,45.2
"Aracaju (SE)","2018-02",16.8,"PNAD",35.3,52.1
"Belo Horizonte (MG)","2018-02",12.7,"PNAD",32.5,45.2
"Belém (PA)","2018-02",13.5,"PNAD",49.6,63.1
"Brasília (DF)","2018-02",12.3,"PNAD",28.1,40.4
"Campo Grande (MS)","2018-02",6.7,"PNAD",33.1,39.8
"Curitiba (PR)","2018-02",10.7,"PNAD",25.9,36.6
"Fortaleza (CE)","2018-02",10.8,"PNAD",41.4,52.2
"Goiânia (GO)","2018-02",7.1,"PNAD",36.5,43.6
"Grande Vitória (ES)","2018-02",14.9,"PNAD",34.7,49.6
"Porto Alegre (RS)","2018-02",9.7,"PNAD",29.3,39
"Recife (PE)","2018-02",16.2,"PNAD",34.3,50.5
"Rio Branco (AC)","2018-02",14.2,"PNAD",44,58.2
"Rio de Janeiro (RJ)","2018-02",13,"PNAD",33,46
"Salvador (BA)","2018-02",17.5,"PNAD",39.4,56.9
"São Luís (MA)","2018-02",16,"PNAD",40.7,56.7
"São Paulo (SP)","2018-02",14.9,"PNAD",31.9,46.8
"Aracaju (SE)","2018-03",17.3,"PNAD",34,51.3
"Belo Horizonte (MG)","2018-03",11.8,"PNAD",32.4,44.2
"Belém (PA)","2018-03",14.7,"PNAD",49.9,64.6
"Brasília (DF)","2018-03",12.7,"PNAD",28.7,41.4
"Campo Grande (MS)","2018-03",6.3,"PNAD",34.1,40.4
"Curitiba (PR)","2018-03",8.7,"PNAD",27.2,35.9
"Fortaleza (CE)","2018-03",10.1,"PNAD",42.6,52.7
"Goiânia (GO)","2018-03",6.8,"PNAD",37.2,44
"Grande Vitória (ES)","2018-03",13.6,"PNAD",34.1,47.7
"Porto Alegre (RS)","2018-03",10.4,"PNAD",30.9,41.3
"Recife (PE)","2018-03",16.9,"PNAD",35.6,52.5
"Rio Branco (AC)","2018-03",14.3,"PNAD",41.6,55.9
"Rio de Janeiro (RJ)","2018-03",12.3,"PNAD",33.2,45.5
"Salvador (BA)","2018-03",16.4,"PNAD",38.8,55.2
"São Luís (MA)","2018-03",14.8,"PNAD",44,58.8
"São Paulo (SP)","2018-03",14.2,"PNAD",32.3,46.5
"Aracaju (SE)","2018-04",14.8,"PNAD",35.1,49.9
"Belo Horizonte (MG)","2018-04",12,"PNAD",31.9,43.9
"Belém (PA)","2018-04",12.4,"PNAD",51,63.4
"Brasília (DF)","2018-04",12.1,"PNAD",29.2,41.3
"Campo Grande (MS)","2018-04",6.2,"PNAD",33.5,39.7
"Curitiba (PR)","2018-04",7.8,"PNAD",25.8,33.6
"Fortaleza (CE)","2018-04",10,"PNAD",42.9,52.9
"Goiânia (GO)","2018-04",5.6,"PNAD",36.8,42.4
"Grande Vitória (ES)","2018-04",12.3,"PNAD",34.5,46.8
"Porto Alegre (RS)","2018-04",8.7,"PNAD",30.5,39.2
"Recife (PE)","2018-04",14.8,"PNAD",37.2,52
"Rio Branco (AC)","2018-04",12.9,"PNAD",42.1,55
"Rio de Janeiro (RJ)","2018-04",12.3,"PNAD",32,44.3
"Salvador (BA)","2018-04",15.5,"PNAD",40.3,55.8
"São Luís (MA)","2018-04",16.2,"PNAD",45.1,61.3
"São Paulo (SP)","2018-04",13.7,"PNAD",32.8,46.5
"Aracaju (SE)","2019-01",13.4,"PNAD",35.1,48.5
"Belo Horizonte (MG)","2019-01",12.4,"PNAD",32.2,44.6
"Belém (PA)","2019-01",15,"PNAD",50,65
"Brasília (DF)","2019-01",14.2,"PNAD",28.4,42.6
"Campo Grande (MS)","2019-01",8.2,"PNAD",36.2,44.4
"Curitiba (PR)","2019-01",8.4,"PNAD",26.4,34.8
"Fortaleza (CE)","2019-01",11,"PNAD",41.5,52.5
"Goiânia (GO)","2019-01",7.4,"PNAD",36,43.4
"Grande Vitória (ES)","2019-01",13.5,"PNAD",36.1,49.6
"Porto Alegre (RS)","2019-01",9.2,"PNAD",30.3,39.5
"Recife (PE)","2019-01",15.6,"PNAD",34.7,50.3
"Rio Branco (AC)","2019-01",19.3,"PNAD",42.9,62.2
"Rio de Janeiro (RJ)","2019-01",13.2,"PNAD",32.6,45.8
"Salvador (BA)","2019-01",15.8,"PNAD",40.1,55.9
"São Luís (MA)","2019-01",18.2,"PNAD",45.2,63.4
"São Paulo (SP)","2019-01",14.3,"PNAD",31.4,45.7
"Aracaju (SE)","2019-02",14.2,"PNAD",39.3,53.5
"Belo Horizonte (MG)","2019-02",10.9,"PNAD",32.5,43.4
"Belém (PA)","2019-02",14.7,"PNAD",49.6,64.3
"Brasília (DF)","2019-02",13.8,"PNAD",30.1,43.9
"Campo Grande (MS)","2019-02",8.2,"PNAD",35.8,44
"Curitiba (PR)","2019-02",9.1,"PNAD",27.3,36.4
"Fortaleza (CE)","2019-02",10.5,"PNAD",42.9,53.4
"Goiânia (GO)","2019-02",7.8,"PNAD",37.1,44.9
"Grande Vitória (ES)","2019-02",12.2,"PNAD",35.1,47.3
"Porto Alegre (RS)","2019-02",8.8,"PNAD",29.4,38.2
"Recife (PE)","2019-02",16.7,"PNAD",34.9,51.6
"Rio Branco (AC)","2019-02",15.3,"PNAD",41.4,56.7
"Rio de Janeiro (RJ)","2019-02",12.7,"PNAD",34,46.7
"Salvador (BA)","2019-02",17.9,"PNAD",41.9,59.8
"São Luís (MA)","2019-02",17.7,"PNAD",48.7,66.4
"São Paulo (SP)","2019-02",13.5,"PNAD",31.9,45.4
"Aracaju (SE)","2019-03",15.4,"PNAD",39.8,55.2
"Belo Horizonte (MG)","2019-03",11.2,"PNAD",31.9,43.1
"Belém (PA)","2019-03",13.8,"PNAD",49.2,63
"Brasília (DF)","2019-03",13.2,"PNAD",30.3,43.5
"Campo Grande (MS)","2019-03",6.9,"PNAD",36.2,43.1
"Curitiba (PR)","2019-03",10.1,"PNAD",28,38.1
"Fortaleza (CE)","2019-03",11.7,"PNAD",43.2,54.9
"Goiânia (GO)","2019-03",6.4,"PNAD",38,44.4
"Grande Vitória (ES)","2019-03",11.8,"PNAD",34.2,46
"Porto Alegre (RS)","2019-03",9.8,"PNAD",26.9,36.7
"Recife (PE)","2019-03",17.9,"PNAD",35.7,53.6
"Rio Branco (AC)","2019-03",14.6,"PNAD",41.4,56
"Rio de Janeiro (RJ)","2019-03",12.5,"PNAD",34,46.5
"Salvador (BA)","2019-03",15.2,"PNAD",41.4,56.6
"São Luís (MA)","2019-03",16,"PNAD",46.6,62.6
"São Paulo (SP)","2019-03",12.7,"PNAD",34.1,46.8
"Aracaju (SE)","2019-04",14.4,"PNAD",36.5,50.9
"Belo Horizonte (MG)","2019-04",10.2,"PNAD",32.3,42.5
"Belém (PA)","2019-04",11.3,"PNAD",52.1,63.4
"Brasília (DF)","2019-04",12.6,"PNAD",29.5,42.1
"Campo Grande (MS)","2019-04",6.2,"PNAD",35.3,41.5
"Curitiba (PR)","2019-04",7.9,"PNAD",27.4,35.3
"Fortaleza (CE)","2019-04",10.3,"PNAD",43.1,53.4
"Goiânia (GO)","2019-04",7.4,"PNAD",37,44.4
"Grande Vitória (ES)","2019-04",12.4,"PNAD",33.6,46
"Porto Alegre (RS)","2019-04",7.1,"PNAD",27.6,34.7
"Recife (PE)","2019-04",14.3,"PNAD",38.7,53
"Rio Branco (AC)","2019-04",15,"PNAD",40.4,55.4
"Rio de Janeiro (RJ)","2019-04",12.1,"PNAD",34.9,47
"Salvador (BA)","2019-04",15.4,"PNAD",40.4,55.8
"São Luís (MA)","2019-04",13,"PNAD",48.4,61.4
"São Paulo (SP)","2019-04",12.4,"PNAD",33.5,45.9
"Aracaju (SE)","2020-01",15.2,"PNAD",35.1,50.3
"Belo Horizonte (MG)","2020-01",13,"PNAD",29.7,42.7
"Belém (PA)","2020-01",13.4,"PNAD",49.4,62.8
"Brasília (DF)","2020-01",13.6,"PNAD",29.8,43.4
"Campo Grande (MS)","2020-01",8.7,"PNAD",37.6,46.3
"Curitiba (PR)","2020-01",9.5,"PNAD",26.2,35.7
"Fortaleza (CE)","2020-01",12.1,"PNAD",42.2,54.3
"Goiânia (GO)","2020-01",7.4,"PNAD",37.7,45.1
"Grande Vitória (ES)","2020-01",13.1,"PNAD",34,47.1
"Porto Alegre (RS)","2020-01",10.2,"PNAD",25.9,36.1
"Recife (PE)","2020-01",14.3,"PNAD",40,54.3
"Rio Branco (AC)","2020-01",15.1,"PNAD",43.1,58.2
"Rio de Janeiro (RJ)","2020-01",13.2,"PNAD",34.9,48.1
"Salvador (BA)","2020-01",17.7,"PNAD",36.9,54.6
"São Luís (MA)","2020-01",16.1,"PNAD",49.8,65.9
"São Paulo (SP)","2020-01",13.3,"PNAD",30.8,44.1
"Aracaju (SE)","2020-02",,"PNAD",,
"Belo Horizonte (MG)","2020-02",,"PNAD",,
"Belém (PA)","2020-02",,"PNAD",,
"Brasília (DF)","2020-02",,"PNAD",,
"Campo Grande (MS)","2020-02",,"PNAD",,
"Curitiba (PR)","2020-02",,"PNAD",,
"Fortaleza (CE)","2020-02",,"PNAD",,
"Goiânia (GO)","2020-02",,"PNAD",,
"Grande Vitória (ES)","2020-02",,"PNAD",,
"Porto Alegre (RS)","2020-02",,"PNAD",,
"Recife (PE)","2020-02",,"PNAD",,
"Rio Branco (AC)","2020-02",,"PNAD",,
"Rio de Janeiro (RJ)","2020-02",,"PNAD",,
"Salvador (BA)","2020-02",,"PNAD",,
"São Luís (MA)","2020-02",,"PNAD",,
"São Paulo (SP)","2020-02",,"PNAD",,
"Aracaju (SE)","2020-03",,"PNAD",,
"Belo Horizonte (MG)","2020-03",,"PNAD",,
"Belém (PA)","2020-03",,"PNAD",,
"Brasília (DF)","2020-03",,"PNAD",,
"Campo Grande (MS)","2020-03",,"PNAD",,
"Curitiba (PR)","2020-03",,"PNAD",,
"Fortaleza (CE)","2020-03",,"PNAD",,
"Goiânia (GO)","2020-03",,"PNAD",,
"Grande Vitória (ES)","2020-03",,"PNAD",,
"Porto Alegre (RS)","2020-03",,"PNAD",,
"Recife (PE)","2020-03",,"PNAD",,
"Rio Branco (AC)","2020-03",,"PNAD",,
"Rio de Janeiro (RJ)","2020-03",,"PNAD",,
"Salvador (BA)","2020-03",,"PNAD",,
"São Luís (MA)","2020-03",,"PNAD",,
"São Paulo (SP)","2020-03",,"PNAD",,
"Aracaju (SE)","2020-04",,"PNAD",,
"Belo Horizonte (MG)","2020-04",,"PNAD",,
"Belém (PA)","2020-04",,"PNAD",,
"Brasília (DF)","2020-04",,"PNAD",,
"Campo Grande (MS)","2020-04",,"PNAD",,
"Curitiba (PR)","2020-04",,"PNAD",,
"Fortaleza (CE)","2020-04",,"PNAD",,
"Goiânia (GO)","2020-04",,"PNAD",,
"Grande Vitória (ES)","2020-04",,"PNAD",,
"Porto Alegre (RS)","2020-04",,"PNAD",,
"Recife (PE)","2020-04",,"PNAD",,
"Rio Branco (AC)","2020-04",,"PNAD",,
"Rio de Janeiro (RJ)","2020-04",,"PNAD",,
"Salvador (BA)","2020-04",,"PNAD",,
"São Luís (MA)","2020-04",,"PNAD",,
"São Paulo (SP)","2020-04",,"PNAD",,
"Aracaju (SE)","2021-01",,"PNAD",,
"Belo Horizonte (MG)","2021-01",,"PNAD",,
"Belém (PA)","2021-01",,"PNAD",,
"Brasília (DF)","2021-01",,"PNAD",,
"Campo Grande (MS)","2021-01",,"PNAD",,
"Curitiba (PR)","2021-01",,"PNAD",,
"Fortaleza (CE)","2021-01",,"PNAD",,
"Goiânia (GO)","2021-01",,"PNAD",,
"Grande Vitória (ES)","2021-01",,"PNAD",,
"Porto Alegre (RS)","2021-01",,"PNAD",,
"Recife (PE)","2021-01",,"PNAD",,
"Rio Branco (AC)","2021-01",,"PNAD",,
"Rio de Janeiro (RJ)","2021-01",,"PNAD",,
"Salvador (BA)","2021-01",,"PNAD",,
"São Luís (MA)","2021-01",,"PNAD",,
"São Paulo (SP)","2021-01",,"PNAD",,
"Aracaju (SE)","2021-02",,"PNAD",,
"Belo Horizonte (MG)","2021-02",,"PNAD",,
"Belém (PA)","2021-02",,"PNAD",,
"Brasília (DF)","2021-02",,"PNAD",,
"Campo Grande (MS)","2021-02",,"PNAD",,
"Curitiba (PR)","2021-02",,"PNAD",,
"Fortaleza (CE)","2021-02",,"PNAD",,
"Goiânia (GO)","2021-02",,"PNAD",,
"Grande Vitória (ES)","2021-02",,"PNAD",,
"Porto Alegre (RS)","2021-02",,"PNAD",,
"Recife (PE)","2021-02",,"PNAD",,
"Rio Branco (AC)","2021-02",,"PNAD",,
"Rio de Janeiro (RJ)","2021-02",,"PNAD",,
"Salvador (BA)","2021-02",,"PNAD",,
"São Luís (MA)","2021-02",,"PNAD",,
"São Paulo (SP)","2021-02",,"PNAD",,
"Aracaju (SE)","2021-03",,"PNAD",,
"Belo Horizonte (MG)","2021-03",,"PNAD",,
"Belém (PA)","2021-03",,"PNAD",,
"Brasília (DF)","2021-03",,"PNAD",,
"Campo Grande (MS)","2021-03",,"PNAD",,
"Curitiba (PR)","2021-03",,"PNAD",,
"Fortaleza (CE)","2021-03",,"PNAD",,
"Goiânia (GO)","2021-03",,"PNAD",,
"Grande Vitória (ES)","2021-03",,"PNAD",,
"Porto Alegre (RS)","2021-03",,"PNAD",,
"Recife (PE)","2021-03",,"PNAD",,
"Rio Branco (AC)","2021-03",,"PNAD",,
"Rio de Janeiro (RJ)","2021-03",,"PNAD",,
"Salvador (BA)","2021-03",,"PNAD",,
"São Luís (MA)","2021-03",,"PNAD",,
"São Paulo (SP)","2021-03",,"PNAD",,
"Aracaju (SE)","2021-04",,"PNAD",,
"Belo Horizonte (MG)","2021-04",,"PNAD",,
"Belém (PA)","2021-04",,"PNAD",,
"Brasília (DF)","2021-04",,"PNAD",,
"Campo Grande (MS)","2021-04",,"PNAD",,
"Curitiba (PR)","2021-04",,"PNAD",,
"Fortaleza (CE)","2021-04",,"PNAD",,
"Goiânia (GO)","2021-04",,"PNAD",,
"Grande Vitória (ES)","2021-04",,"PNAD",,
"Porto Alegre (RS)","2021-04",,"PNAD",,
"Recife (PE)","2021-04",,"PNAD",,
"Rio Branco (AC)","2021-04",,"PNAD",,
"Rio de Janeiro (RJ)","2021-04",,"PNAD",,
"Salvador (BA)","2021-04",,"PNAD",,
"São Luís (MA)","2021-04",,"PNAD",,
"São Paulo (SP)","2021-04",,"PNAD",,
"Aracaju (SE)","2022-01",,"PNAD",,
"Belo Horizonte (MG)","2022-01",,"PNAD",,
"Belém (PA)","2022-01",,"PNAD",,
"Brasília (DF)","2022-01",,"PNAD",,
"Campo Grande (MS)","2022-01",,"PNAD",,
"Curitiba (PR)","2022-01",,"PNAD",,
"Fortaleza (CE)","2022-01",,"PNAD",,
"Goiânia (GO)","2022-01",,"PNAD",,
"Grande Vitória (ES)","2022-01",,"PNAD",,
"Porto Alegre (RS)","2022-01",,"PNAD",,
"Recife (PE)","2022-01",,"PNAD",,
"Rio Branco (AC)","2022-01",,"PNAD",,
"Rio de Janeiro (RJ)","2022-01",,"PNAD",,
"Salvador (BA)","2022-01",,"PNAD",,
"São Luís (MA)","2022-01",,"PNAD",,
"São Paulo (SP)","2022-01",,"PNAD",,
"Aracaju (SE)","2022-02",13.4,"PNAD",38.4,51.8
"Belo Horizonte (MG)","2022-02",9.6,"PNAD",29.8,39.4
"Belém (PA)","2022-02",11.4,"PNAD",48.2,59.6
"Brasília (DF)","2022-02",11.6,"PNAD",31.2,42.8
"Campo Grande (MS)","2022-02",6.1,"PNAD",31.9,38
"Curitiba (PR)","2022-02",7.4,"PNAD",25.2,32.6
"Fortaleza (CE)","2022-02",10.1,"PNAD",43.5,53.6
"Goiânia (GO)","2022-02",6.9,"PNAD",32.5,39.4
"Grande Vitória (ES)","2022-02",10.5,"PNAD",30.9,41.4
"Porto Alegre (RS)","2022-02",7.4,"PNAD",27.7,35.1
"Recife (PE)","2022-02",14.1,"PNAD",43.7,57.8
"Rio Branco (AC)","2022-02",15.2,"PNAD",36.4,51.6
"Rio de Janeiro (RJ)","2022-02",9.8,"PNAD",31.8,41.6
"Salvador (BA)","2022-02",16.8,"PNAD",37.6,54.4
"São Luís (MA)","2022-02",12.4,"PNAD",43,55.4
"São Paulo (SP)","2022-02",8.7,"PNAD",33.4,42.1
"Aracaju (SE)","2022-03",13.3,"PNAD",38.7,52
"Belo Horizonte (MG)","2022-03",8.6,"PNAD",29.6,38.2
"Belém (PA)","2022-03",13.7,"PNAD",47.3,61
"Brasília (DF)","2022-03",11,"PNAD",29.9,40.9
"Campo Grande (MS)","2022-03",5.1,"PNAD",32,37.1
"Curitiba (PR)","2022-03",6.2,"PNAD",24.1,30.3
"Fortaleza (CE)","2022-03",8.1,"PNAD",42.5,50.6
"Goiânia (GO)","2022-03",4.2,"PNAD",33.7,37.9
"Grande Vitória (ES)","2022-03",9,"PNAD",29.8,38.8
"Porto Alegre (RS)","2022-03",7,"PNAD",29.1,36.1
"Recife (PE)","2022-03",14.8,"PNAD",41,55.8
"Rio Branco (AC)","2022-03",12.6,"PNAD",36.2,48.8
"Rio de Janeiro (RJ)","2022-03",9.8,"PNAD",33.1,42.9
"Salvador (BA)","2022-03",17.9,"PNAD",36.5,54.4
"São Luís (MA)","2022-03",12.4,"PNAD",45.3,57.7
"São Paulo (SP)","2022-03",9,"PNAD",31.4,40.4
"Aracaju (SE)","2022-04",13.1,"PNAD",35.7,48.8
"Belo Horizonte (MG)","2022-04",7.3,"PNAD",27.1,34.4
"Belém (PA)","2022-04",10.7,"PNAD",45.3,56
"Brasília (DF)","2022-04",10.3,"PNAD",29.8,40.1
"Campo Grande (MS)","2022-04",3.1,"PNAD",29.7,32.8
"Curitiba (PR)","2022-04",6,"PNAD",22.9,28.9
"Fortaleza (CE)","2022-04",7.6,"PNAD",44.1,51.7
"Goiânia (GO)","2022-04",5.5,"PNAD",32.3,37.8
"Grande Vitória (ES)","2022-04",9,"PNAD",29.8,38.8
"Porto Alegre (RS)","2022-04",5.4,"PNAD",30.3,35.7
"Recife (PE)","2022-04",13.1,"PNAD",40.2,53.3
"Rio Branco (AC)","2022-04",13,"PNAD",36.3,49.3
"Rio de Janeiro (RJ)","2022-04",8.8,"PNAD",30.5,39.3
"Salvador (BA)","2022-04",14.3,"PNAD",35.1,49.4
"São Luís (MA)","2022-04",11,"PNAD",44.5,55.5
"São Paulo (SP)","2022-04",8.5,"PNAD",31.6,40.1
"Aracaju (SE)","2023-01",12.6,"PNAD",38.3,50.9
"Belo Horizonte (MG)","2023-01",7.7,"PNAD",29.3,37
"Belém (PA)","2023-01",12.2,"PNAD",45.4,57.6
"Brasília (DF)","2023-01",12,"PNAD",30.3,42.3
"Campo Grande (MS)","2023-01",3.5,"PNAD",30.7,34.2
"Curitiba (PR)","2023-01",5.5,"PNAD",26.5,32
"Fortaleza (CE)","2023-01",8.5,"PNAD",45.6,54.1
"Goiânia (GO)","2023-01",5.6,"PNAD",32.7,38.3
"Grande Vitória (ES)","2023-01",8.4,"PNAD",31.9,40.3
"Porto Alegre (RS)","2023-01",7,"PNAD",29.1,36.1
"Recife (PE)","2023-01",15,"PNAD",42,57
"Rio Branco (AC)","2023-01",12.1,"PNAD",35.7,47.8
"Rio de Janeiro (RJ)","2023-01",9.1,"PNAD",31,40.1
"Salvador (BA)","2023-01",16.7,"PNAD",38.9,55.6
"São Luís (MA)","2023-01",12,"PNAD",45.5,57.5
"São Paulo (SP)","2023-01",8.1,"PNAD",32.7,40.8
"Aracaju (SE)","2023-02",12.4,"PNAD",38.4,50.8
"Belo Horizonte (MG)","2023-02",7.4,"PNAD",29.5,36.9
"Belém (PA)","2023-02",11.4,"PNAD",46.6,58
"Brasília (DF)","2023-02",8.8,"PNAD",31.2,40
"Campo Grande (MS)","2023-02",3,"PNAD",32.7,35.7
"Curitiba (PR)","2023-02",5.3,"PNAD",25.8,31.1
"Fortaleza (CE)","2023-02",8,"PNAD",44.9,52.9
"Goiânia (GO)","2023-02",5.1,"PNAD",31.8,36.9
"Grande Vitória (ES)","2023-02",7.5,"PNAD",30.8,38.3
"Porto Alegre (RS)","2023-02",6.8,"PNAD",29.8,36.6
"Recife (PE)","2023-02",16.4,"PNAD",40.3,56.7
"Rio Branco (AC)","2023-02",11.7,"PNAD",37.2,48.9
"Rio de Janeiro (RJ)","2023-02",9.6,"PNAD",32.8,42.4
"Salvador (BA)","2023-02",16.1,"PNAD",38.2,54.3
"São Luís (MA)","2023-02",12.2,"PNAD",46.1,58.3
"São Paulo (SP)","2023-02",9.1,"PNAD",32.9,42
"Aracaju (SE)","2023-03",10.4,"PNAD",38.9,49.3
"Belo Horizonte (MG)","2023-03",8.2,"PNAD",28.7,36.9
"Belém (PA)","2023-03",12,"PNAD",45.7,57.7
"Brasília (DF)","2023-03",8.9,"PNAD",30.6,39.5
"Campo Grande (MS)","2023-03",3.1,"PNAD",31.9,35
"Curitiba (PR)","2023-03",5.1,"PNAD",26.7,31.8
"Fortaleza (CE)","2023-03",10.6,"PNAD",44.7,55.3
"Goiânia (GO)","2023-03",5.1,"PNAD",31.9,37
"Grande Vitória (ES)","2023-03",6.2,"PNAD",32.5,38.7
"Porto Alegre (RS)","2023-03",6.7,"PNAD",30.8,37.5
"Recife (PE)","2023-03",14.1,"PNAD",39,53.1
"Rio Branco (AC)","2023-03",7.2,"PNAD",35.4,42.6
"Rio de Janeiro (RJ)","2023-03",9.4,"PNAD",33.5,42.9
"Salvador (BA)","2023-03",15.2,"PNAD",37.7,52.9
"São Luís (MA)","2023-03",9,"PNAD",46.3,55.3
"São Paulo (SP)","2023-03",7.6,"PNAD",32.7,40.3
"Aracaju (SE)","2023-04",13.3,"PNAD",39.6,52.9
"Belo Horizonte (MG)","2023-04",6.7,"PNAD",31,37.7
"Belém (PA)","2023-04",11.1,"PNAD",44.7,55.8
"Brasília (DF)","2023-04",9.7,"PNAD",30.4,40.1
"Campo Grande (MS)","2023-04",2.7,"PNAD",31.9,34.6
"Curitiba (PR)","2023-04",5.4,"PNAD",28.7,34.1
"Fortaleza (CE)","2023-04",9.2,"PNAD",43.8,53
"Goiânia (GO)","2023-04",5.1,"PNAD",30.4,35.5
"Grande Vitória (ES)","2023-04",6.4,"PNAD",30.8,37.2
"Porto Alegre (RS)","2023-04",4.9,"PNAD",31.1,36
"Recife (PE)","2023-04",11.9,"PNAD",43,54.9
"Rio Branco (AC)","2023-04",7.5,"PNAD",36.7,44.2
"Rio de Janeiro (RJ)","2023-04",8.6,"PNAD",33.8,42.4
"Salvador (BA)","2023-04",14.2,"PNAD",38.7,52.9
"São Luís (MA)","2023-04",9,"PNAD",46.5,55.5
"São Paulo (SP)","2023-04",6.9,"PNAD",31.9,38.8
"Aracaju (SE)","2024-01",11.8,"PNAD",36.9,48.7
"Belo Horizonte (MG)","2024-01",7.2,"PNAD",28.5,35.7
"Belém (PA)","2024-01",11.6,"PNAD",43,54.6
"Brasília (DF)","2024-01",9.6,"PNAD",30.7,40.3
"Campo Grande (MS)","2024-01",4.4,"PNAD",31.1,35.5
"Curitiba (PR)","2024-01",5.9,"PNAD",27.3,33.2
"Fortaleza (CE)","2024-01",8.4,"PNAD",43.2,51.6
"Goiânia (GO)","2024-01",5.2,"PNAD",28.3,33.5
"Grande Vitória (ES)","2024-01",6.8,"PNAD",31,37.8
"Porto Alegre (RS)","2024-01",6.1,"PNAD",30.1,36.2
"Recife (PE)","2024-01",11.1,"PNAD",41.5,52.6
"Rio Branco (AC)","2024-01",10.6,"PNAD",35.1,45.7
"Rio de Janeiro (RJ)","2024-01",9,"PNAD",34.6,43.6
"Salvador (BA)","2024-01",16.2,"PNAD",37.9,54.1
"São Luís (MA)","2024-01",10.8,"PNAD",43.4,54.2
"São Paulo (SP)","2024-01",7.6,"PNAD",33,40.6
"Aracaju (SE)","2024-02",8.9,"PNAD",35,43.9
"Belo Horizonte (MG)","2024-02",6.1,"PNAD",29.1,35.2
"Belém (PA)","2024-02",10,"PNAD",44.1,54.1
"Brasília (DF)","2024-02",9.7,"PNAD",29.8,39.5
"Campo Grande (MS)","2024-02",4,"PNAD",29.3,33.3
"Curitiba (PR)","2024-02",4.9,"PNAD",27.9,32.8
"Fortaleza (CE)","2024-02",8.5,"PNAD",42.4,50.9
"Goiânia (GO)","2024-02",5.1,"PNAD",29.1,34.2
"Grande Vitória (ES)","2024-02",5.1,"PNAD",31.9,37
"Porto Alegre (RS)","2024-02",7.1,"PNAD",30.5,37.6
"Recife (PE)","2024-02",11,"PNAD",40.4,51.4
"Rio Branco (AC)","2024-02",9,"PNAD",36.6,45.6
"Rio de Janeiro (RJ)","2024-02",8.6,"PNAD",34.4,43
"Salvador (BA)","2024-02",15.1,"PNAD",33.9,49
"São Luís (MA)","2024-02",8.4,"PNAD",42,50.4
"São Paulo (SP)","2024-02",6.9,"PNAD",33.1,40
"Aracaju (SE)","2024-03",8.6,"PNAD",36.8,45.4
"Belo Horizonte (MG)","2024-03",6.3,"PNAD",26.3,32.6
"Belém (PA)","2024-03",9,"PNAD",45.3,54.3
"Brasília (DF)","2024-03",8.9,"PNAD",30.3,39.2
"Campo Grande (MS)","2024-03",2.8,"PNAD",31,33.8
"Curitiba (PR)","2024-03",5.8,"PNAD",27.7,33.5
"Fortaleza (CE)","2024-03",7.9,"PNAD",43.8,51.7
"Goiânia (GO)","2024-03",4.1,"PNAD",31,35.1
"Grande Vitória (ES)","2024-03",4.5,"PNAD",31.4,35.9
"Porto Alegre (RS)","2024-03",5.6,"PNAD",31,36.6
"Recife (PE)","2024-03",10.6,"PNAD",39.7,50.3
"Rio Branco (AC)","2024-03",8.5,"PNAD",37.9,46.4
"Rio de Janeiro (RJ)","2024-03",7.6,"PNAD",33.7,41.3
"Salvador (BA)","2024-03",11.1,"PNAD",40.8,51.9
"São Luís (MA)","2024-03",10,"PNAD",41.7,51.7
"São Paulo (SP)","2024-03",5.8,"PNAD",32,37.8
"Aracaju (SE)","2024-04",10.4,"PNAD",35.2,45.6
"Belo Horizonte (MG)","2024-04",4.6,"PNAD",28.2,32.8
"Belém (PA)","2024-04",9.3,"PNAD",44.8,54.1
"Brasília (DF)","2024-04",9.1,"PNAD",29.1,38.2
"Campo Grande (MS)","2024-04",3.7,"PNAD",30.4,34.1
"Curitiba (PR)","2024-04",4.3,"PNAD",27.8,32.1
"Fortaleza (CE)","2024-04",7.2,"PNAD",42.9,50.1
"Goiânia (GO)","2024-04",4.1,"PNAD",29.2,33.3
"Grande Vitória (ES)","2024-04",3.8,"PNAD",31.1,34.9
"Porto Alegre (RS)","2024-04",5.9,"PNAD",29.7,35.6
"Recife (PE)","2024-04",10.8,"PNAD",37.8,48.6
"Rio Branco (AC)","2024-04",8.6,"PNAD",38.4,47
"Rio de Janeiro (RJ)","2024-04",7,"PNAD",34.1,41.1
"Salvador (BA)","2024-04",9.8,"PNAD",39.7,49.5
"São Luís (MA)","2024-04",8.9,"PNAD",40.8,49.7
"São Paulo (SP)","2024-04",6.1,"PNAD",31.4,37.5
"Aracaju (SE)","2025-01",9,"PNAD",34.3,43.3
"Belo Horizonte (MG)","2025-01",6.1,"PNAD",26.4,32.5
"Belém (PA)","2025-01",9.5,"PNAD",45,54.5
"Brasília (DF)","2025-01",9.2,"PNAD",28.3,37.5
"Campo Grande (MS)","2025-01",4.1,"PNAD",26.9,31
"Curitiba (PR)","2025-01",5,"PNAD",26.2,31.2
"Fortaleza (CE)","2025-01",8.8,"PNAD",41,49.8
"Goiânia (GO)","2025-01",3.9,"PNAD",29.1,33
"Grande Vitória (ES)","2025-01",4,"PNAD",28.7,32.7
"Porto Alegre (RS)","2025-01",8.1,"PNAD",27.9,36
"Recife (PE)","2025-01",9.9,"PNAD",37.5,47.4
"Rio Branco (AC)","2025-01",8.1,"PNAD",35.4,43.5
"Rio de Janeiro (RJ)","2025-01",8.2,"PNAD",33.4,41.6
"Salvador (BA)","2025-01",9.3,"PNAD",37.8,47.1
"São Luís (MA)","2025-01",8,"PNAD",43.8,51.8
"São Paulo (SP)","2025-01",5.8,"PNAD",29.6,35.4
"Aracaju (SE)","2025-02",6.8,"PNAD",35.8,42.6
"Belo Horizonte (MG)","2025-02",5.2,"PNAD",28.2,33.4
"Belém (PA)","2025-02",8,"PNAD",44.8,52.8
"Brasília (DF)","2025-02",8.7,"PNAD",28.4,37.1
"Campo Grande (MS)","2025-02",4.3,"PNAD",27.3,31.6
"Curitiba (PR)","2025-02",4,"PNAD",27.7,31.7
"Fortaleza (CE)","2025-02",7.1,"PNAD",41.1,48.2
"Goiânia (GO)","2025-02",3.3,"PNAD",29.3,32.6
"Grande Vitória (ES)","2025-02",3.7,"PNAD",29.4,33.1
"Porto Alegre (RS)","2025-02",6,"PNAD",28.7,34.7
"Recife (PE)","2025-02",8.4,"PNAD",38.3,46.7
"Rio Branco (AC)","2025-02",7.7,"PNAD",37,44.7
"Rio de Janeiro (RJ)","2025-02",7.5,"PNAD",33,40.5
"Salvador (BA)","2025-02",8.5,"PNAD",37.1,45.6
"São Luís (MA)","2025-02",8.9,"PNAD",41.8,50.7
"São Paulo (SP)","2025-02",5.4,"PNAD",30.5,35.9
"Aracaju (SE)","2025-03",6,"PNAD",32.6,38.6
"Belo Horizonte (MG)","2025-03",6.1,"PNAD",28.8,34.9
"Belém (PA)","2025-03",8.9,"PNAD",43.3,52.2
"Brasília (DF)","2025-03",8,"PNAD",26.9,34.9
"Campo Grande (MS)","2025-03",3.4,"PNAD",27.3,30.7
"Curitiba (PR)","2025-03",4.3,"PNAD",28.3,32.6
"Fortaleza (CE)","2025-03",7.6,"PNAD",41.2,48.8
"Goiânia (GO)","2025-03",2.8,"PNAD",31.7,34.5
"Grande Vitória (ES)","2025-03",2.7,"PNAD",31.2,33.9
"Porto Alegre (RS)","2025-03",5.2,"PNAD",27.6,32.8
"Recife (PE)","2025-03",7.9,"PNAD",37.6,45.5
"Rio Branco (AC)","2025-03",6.1,"PNAD",36.4,42.5
"Rio de Janeiro (RJ)","2025-03",7,"PNAD",33.7,40.7
"Salvador (BA)","2025-03",8.5,"PNAD",37.9,46.4
"São Luís (MA)","2025-03",7.8,"PNAD",43.9,51.7
"São Paulo (SP)","2025-03",5.2,"PNAD",30.3,35.5
"Aracaju (SE)","2025-04",8.4,"PNAD",33.5,41.9
"Belo Horizonte (MG)","2025-04",4.8,"PNAD",28.7,33.5
"Belém (PA)","2025-04",8.3,"PNAD",44.2,52.5
"Brasília (DF)","2025-04",6.8,"PNAD",27.1,33.9
"Campo Grande (MS)","2025-04",3.1,"PNAD",29.1,32.2
"Curitiba (PR)","2025-04",3.7,"PNAD",26,29.7
"Fortaleza (CE)","2025-04",5.9,"PNAD",41.6,47.5
"Goiânia (GO)","2025-04",3.1,"PNAD",31.8,34.9
"Grande Vitória (ES)","2025-04",2.9,"PNAD",29,31.9
"Porto Alegre (RS)","2025-04",4.7,"PNAD",25.9,30.6
"Recife (PE)","2025-04",7.8,"PNAD",37.8,45.6
"Rio Branco (AC)","2025-04",6,"PNAD",35.5,41.5
"Rio de Janeiro (RJ)","2025-04",6.1,"PNAD",34.6,40.7
"Salvador (BA)","2025-04",8.2,"PNAD",39.2,47.4
"São Luís (MA)","2025-04",7.4,"PNAD",45.2,52.6
"São Paulo (SP)","2025-04",5,"PNAD",30.4,35.4
"Aracaju (SE)","2026-01",7.9,"PNAD",32.4,40.3
"Belo Horizonte (MG)","2026-01",5,"PNAD",28.9,33.9
"Belém (PA)","2026-01",8.4,"PNAD",42.6,51
"Brasília (DF)","2026-01",7.1,"PNAD",28.1,35.2
"Campo Grande (MS)","2026-01",4.1,"PNAD",29.1,33.2
"Curitiba (PR)","2026-01",3.9,"PNAD",27.1,31
"Fortaleza (CE)","2026-01",8,"PNAD",39.1,47.1
"Goiânia (GO)","2026-01",4.3,"PNAD",31.6,35.9
"Grande Vitória (ES)","2026-01",3.7,"PNAD",30.3,34
"Porto Alegre (RS)","2026-01",4.5,"PNAD",26.4,30.9
"Recife (PE)","2026-01",8.8,"PNAD",38.8,47.6
"Rio Branco (AC)","2026-01",6.3,"PNAD",33.6,39.9
"Rio de Janeiro (RJ)","2026-01",5.8,"PNAD",34.5,40.3
"Salvador (BA)","2026-01",10.2,"PNAD",37.3,47.5
"São Luís (MA)","2026-01",9.6,"PNAD",43.3,52.9
"São Paulo (SP)","2026-01",6.2,"PNAD",31.9,38.1
